charger_id,timestamp,value_kW
ZCS009736,2025-01-16T07:19:24.746926Z,0.9337555999999999
ZCS009736,2025-01-16T07:19:41.806523Z,3.0528945
ZCS009736,2025-01-16T07:25:36.886513Z,1.7057816000000001
ZCS009736,2025-01-16T07:25:53.926504Z,3.0439863
ZCS009736,2025-01-16T07:51:44.676674Z,2.7752788
ZCS009736,2025-01-16T07:54:23.006607Z,2.5224746
ZCS009736,2025-01-16T07:59:23.496331Z,2.2277168
ZCS009736,2025-01-16T08:03:52.216438Z,1.9752576
ZCS009736,2025-01-16T08:10:11.776664Z,1.7283817
ZCS009736,2025-01-16T08:17:33.857358Z,1.4299067
ZCS009736,2025-01-16T08:27:48.656205Z,1.2049566999999999
ZCS009736,2025-01-16T08:39:53.466428Z,0.9612175
ZCS009736,2025-01-16T08:56:08.926391Z,0.7424468000000001
ZCS009736,2025-01-16T09:15:48.176333Z,0.5045106
ZCS009736,2025-01-16T21:19:06.586486Z,0.9160172999999999
ZCS009736,2025-01-16T21:19:23.626184Z,3.051781
ZCS009736,2025-01-16T21:26:19.436244Z,2.2572959
ZCS009736,2025-01-16T21:26:36.486453Z,3.0032246
ZCS009736,2025-01-16T22:14:34.957736Z,0.3942391
ZCS009736,2025-01-16T22:21:38.816216Z,3.036866
ZCS009736,2025-01-16T23:15:10.839349Z,2.5971758
ZCS009736,2025-01-16T23:18:52.336395Z,2.1713967
ZCS009736,2025-01-16T23:25:27.048528Z,1.981531
ZCS009736,2025-01-16T23:31:14.066265Z,1.6981907
ZCS009736,2025-01-16T23:37:16.846624Z,1.4526322999999999
ZCS009736,2025-01-16T23:45:41.466116Z,1.208407
ZCS009736,2025-01-16T23:55:55.696389Z,0.9605431999999999
ZCS009736,2025-01-17T00:07:05.799505Z,0.298
ZCS009736,2025-01-17T00:08:05.556624Z,0.6744
ZCS009736,2025-01-17T03:20:34.296483Z,0.8899355000000001
ZCS009736,2025-01-17T03:21:54.216774Z,1.176334
ZCS009736,2025-01-17T03:23:12.967674Z,1.4583882000000001
ZCS009736,2025-01-17T03:26:06.50636Z,1.1051147000000001
ZCS009736,2025-01-17T03:29:15.716653Z,0.8531104
ZCS009736,2025-01-17T03:30:32.946538Z,0.2509
ZCS009736,2025-01-19T15:04:45.726709Z,0.9282976
ZCS009736,2025-01-19T15:05:02.728407Z,3.0515614999999996
ZCS009736,2025-01-19T15:11:05.136568Z,1.6634044
ZCS009736,2025-01-19T15:11:22.136424Z,3.0480955
ZCS009736,2025-01-19T16:30:13.9765Z,0.39381560000000004
ZCS009736,2025-01-19T16:37:18.08659Z,3.0439705
ZCS009736,2025-01-19T17:27:40.586637Z,2.7802349
ZCS009736,2025-01-19T17:31:06.266547Z,2.4866062
ZCS009736,2025-01-19T17:35:19.729Z,2.1960671
ZCS009736,2025-01-19T17:41:07.296528Z,1.9431375
ZCS009736,2025-01-19T17:47:26.196352Z,1.7317223
ZCS009736,2025-01-19T17:53:29.076701Z,1.4858032
ZCS009736,2025-01-19T18:03:59.386412Z,1.2420641000000001
ZCS009736,2025-01-19T18:14:44.736556Z,0.9953922
ZCS009736,2025-01-19T18:29:25.466855Z,0.7865177999999999
ZCS009736,2025-01-19T18:49:04.80657Z,0.5030991
ZCS009736,2025-01-19T21:06:27.929794Z,0.1882
ZCS009736,2025-01-20T03:10:22.376792Z,0.345
ZCS009736,2025-01-20T03:11:25.632664Z,0.2039
ZCS009736,2025-01-22T12:06:15.846445Z,0.9485138
ZCS009736,2025-01-22T12:06:32.856348Z,3.0564233
ZCS009736,2025-01-22T12:15:38.176343Z,1.6726735000000001
ZCS009736,2025-01-22T12:15:52.766831Z,3.0545884
ZCS009736,2025-01-22T13:00:27.74633Z,0.35586130000000005
ZCS009736,2025-01-22T13:07:31.606568Z,1.852298
ZCS009736,2025-01-22T13:07:47.50782Z,3.0425591
ZCS009736,2025-01-22T14:01:34.326185Z,2.8575081
ZCS009736,2025-01-22T14:04:12.686369Z,2.5588292999999998
ZCS009736,2025-01-22T14:08:25.787107Z,2.2724933999999997
ZCS009736,2025-01-22T14:13:09.846585Z,2.0181678
ZCS009736,2025-01-22T14:18:41.446262Z,1.768422
ZCS009736,2025-01-22T14:25:31.576384Z,1.5255142000000002
ZCS009736,2025-01-22T14:34:27.636534Z,1.2802223
ZCS009736,2025-01-22T14:44:57.446738Z,1.0302255
ZCS009736,2025-01-22T14:58:52.516714Z,0.8138699
ZCS009736,2025-01-22T15:14:35.8765Z,0.6019842999999999
ZCS009736,2025-01-30T11:17:44.285415Z,0.7763391000000001
ZCS009736,2025-01-30T11:18:01.276507Z,3.0565016999999997
ZCS009736,2025-01-30T11:25:29.216589Z,1.8796815
ZCS009736,2025-01-30T11:25:46.266934Z,3.0488796000000002
ZCS009736,2025-01-30T12:47:48.376177Z,2.7769727
ZCS009736,2025-01-30T12:51:29.787144Z,2.4845674
ZCS009736,2025-01-30T12:55:42.856276Z,2.2328452000000003
ZCS009736,2025-01-30T13:00:42.956663Z,1.9461331
ZCS009736,2025-01-30T13:07:48.89658Z,1.6745869
ZCS009736,2025-01-30T13:14:06.896214Z,1.4533695
ZCS009736,2025-01-30T13:25:56.749074Z,1.1731816
ZCS009736,2025-01-30T13:37:45.806961Z,0.9248315
ZCS009736,2025-01-30T13:54:32.696428Z,0.6715882000000001
ZCS009872,2025-01-15T09:44:39.486987Z,6.543707
ZCS009872,2025-01-15T09:50:29.346313Z,1.5213
ZCS009872,2025-01-15T09:50:51.156552Z,0.8783
ZCS009872,2025-01-15T09:51:24.175496Z,6.582759299999999
ZCS009872,2025-01-15T10:58:44.606989Z,6.3862905
ZCS009872,2025-01-15T10:59:00.466036Z,5.9740937999999995
ZCS009872,2025-01-15T11:00:19.766158Z,5.2879198999999995
ZCS009872,2025-01-15T11:00:35.796628Z,5.1770054
ZCS009872,2025-01-15T11:01:07.539778Z,5.7215562
ZCS009872,2025-01-15T11:01:39.146529Z,4.575021
ZCS009872,2025-01-15T11:01:55.046768Z,5.282320800000001
ZCS009872,2025-01-15T11:02:42.556043Z,4.6398413
ZCS009872,2025-01-15T11:02:58.34632Z,5.000799799999999
ZCS009872,2025-01-15T11:03:30.095996Z,4.948275400000001
ZCS009872,2025-01-15T11:03:45.91597Z,4.3644683
ZCS009872,2025-01-15T11:04:01.821338Z,4.9533413
ZCS009872,2025-01-15T11:04:33.435975Z,4.4168203
ZCS009872,2025-01-15T11:04:49.419798Z,4.3075996
ZCS009872,2025-01-15T11:05:05.256289Z,4.7367661
ZCS009872,2025-01-15T11:05:37.256126Z,4.3010439
ZCS009872,2025-01-16T10:47:04.81877Z,6.5797168
ZCS009872,2025-01-16T10:56:05.419516Z,1.9605
ZCS009872,2025-01-16T10:56:28.328968Z,0.8312
ZCS009872,2025-01-16T10:57:01.118755Z,6.5765171
ZCS009872,2025-01-16T11:58:00.529456Z,6.1500171
ZCS009872,2025-01-16T11:59:03.846061Z,5.825036600000001
ZCS009872,2025-01-16T11:59:51.609156Z,5.4992407000000005
ZCS009872,2025-01-16T12:01:10.798964Z,5.2754668
ZCS009872,2025-01-16T12:02:14.148766Z,4.6261968
ZCS009872,2025-01-16T12:02:45.898973Z,4.8882227
ZCS009872,2025-01-16T12:03:01.708869Z,4.0742588
ZCS009872,2025-01-16T12:03:17.588711Z,4.9442603
ZCS009872,2025-01-16T12:03:33.458632Z,4.5159253
ZCS009872,2025-01-16T12:04:52.648819Z,4.1832129
ZCS009872,2025-01-16T12:05:56.011389Z,3.961415
ZCS009872,2025-01-16T12:08:18.468783Z,3.8649922
ZCS009872,2025-01-16T12:08:34.33458Z,3.5351500999999996
ZCS009872,2025-01-17T10:57:02.608942Z,6.5902246
ZCS009872,2025-01-17T11:06:02.853043Z,1.1763
ZCS009872,2025-01-17T11:06:35.49873Z,6.568565400000001
ZCS009872,2025-01-17T12:04:24.617602Z,6.1405752
ZCS009872,2025-01-17T12:05:27.998907Z,5.9254902000000005
ZCS009872,2025-01-17T12:06:15.510729Z,5.599349599999999
ZCS009872,2025-01-17T12:07:34.689069Z,5.2727222000000005
ZCS009872,2025-01-17T12:08:22.198849Z,4.6834419
ZCS009872,2025-01-17T12:08:38.098774Z,5.2656177
ZCS009872,2025-01-17T12:09:09.899155Z,4.6046318
ZCS009872,2025-01-17T12:10:28.998781Z,3.7460635
ZCS009872,2025-01-17T12:10:44.909336Z,4.4961636
ZCS009872,2025-01-17T12:11:32.549168Z,4.1790254000000004
ZCS009872,2025-01-17T12:13:39.458884Z,4.0707927
ZCS009872,2025-01-17T12:14:11.128842Z,3.6429592
ZCS009872,2025-01-17T12:16:53.139016Z,3.2161611
ZCS009872,2025-01-17T12:17:05.338617Z,3.4310894
ZCS009872,2025-01-17T12:18:08.808728Z,3.1135273000000003
ZCS009872,2025-01-17T12:20:15.298854Z,2.7955107
ZCS009872,2025-01-17T12:22:53.778554Z,2.3719119
ZCS009872,2025-01-17T12:23:09.589054Z,2.6546091
ZCS009872,2025-01-17T12:23:56.938816Z,1.8298861
ZCS009872,2025-01-17T12:24:12.839161Z,2.7538079
ZCS009872,2025-01-17T12:25:00.288969Z,1.9375541
ZCS009872,2025-01-17T12:25:16.107945Z,2.4784351
ZCS009872,2025-01-17T12:26:03.449287Z,2.2342881
ZCS009872,2025-01-17T12:28:26.039001Z,1.8398295
ZCS009872,2025-01-18T11:48:32.722095Z,11.127918900000001
ZCS009872,2025-01-20T11:40:20.55249Z,6.584453099999999
ZCS009872,2025-01-24T11:41:48.789413Z,6.566009299999999
ZCS009872,2025-01-24T11:50:17.589604Z,1.4586
ZCS009872,2025-01-24T11:50:42.859699Z,1.0979
ZCS009872,2025-01-24T11:51:15.619464Z,6.5858018000000005
ZCS009872,2025-01-24T12:33:31.239435Z,6.1929429
ZCS009872,2025-01-24T12:34:02.930768Z,6.4850503
ZCS009872,2025-01-24T12:34:18.689553Z,6.0799424
ZCS009872,2025-01-24T12:35:22.31928Z,5.8556040000000005
ZCS009872,2025-01-24T12:37:29.401343Z,5.3817861
ZCS009872,2025-01-24T12:38:16.96151Z,5.5334468
ZCS009872,2025-01-24T12:38:48.619541Z,5.2797016999999995
ZCS009872,2025-01-24T12:40:07.909277Z,5.2635474
ZCS009872,2025-01-24T12:40:55.489182Z,5.054155300000001
ZCS009872,2025-01-24T12:41:11.359135Z,5.3799824
ZCS009872,2025-01-24T12:41:27.169497Z,4.9403236999999995
ZCS009872,2025-01-24T12:42:14.949304Z,5.274604500000001
ZCS009872,2025-01-24T12:42:30.788603Z,4.8798008
ZCS009872,2025-01-24T12:43:02.469239Z,4.5113457
ZCS009872,2025-01-24T12:43:18.29931Z,5.0532617
ZCS009872,2025-01-24T12:43:34.201558Z,4.8383959999999995
ZCS009872,2025-01-24T12:44:05.889436Z,4.6200957
ZCS009872,2025-01-24T12:45:09.78952Z,4.2991459999999995
ZCS009872,2025-01-24T12:45:25.649606Z,4.5089771
ZCS009872,2025-01-24T12:46:13.149591Z,4.2903477
ZCS009872,2025-01-24T12:47:16.489212Z,4.0730198
ZCS009872,2025-01-24T12:50:26.599263Z,3.7525564
ZCS009872,2025-01-24T12:52:17.269553Z,3.3271853
ZCS009872,2025-01-24T12:52:48.919131Z,3.6511619
ZCS009872,2025-01-24T12:53:36.529605Z,3.1757912999999998
ZCS009872,2025-01-24T12:54:08.189394Z,3.2159414
ZCS009872,2025-01-24T12:54:24.071536Z,3.6005664
ZCS009872,2025-01-24T12:54:39.889201Z,3.2192664
ZCS009872,2025-01-25T11:23:54.26978Z,11.0380361
ZCS009872,2025-01-26T11:30:24.068351Z,6.5807363
ZCS009872,2025-01-26T11:36:15.18977Z,1.2233
ZCS009872,2025-01-26T11:36:47.909019Z,6.577019
ZCS009872,2025-01-26T12:10:03.649379Z,5.5006367
ZCS009872,2025-01-26T12:10:19.539346Z,6.0452188
ZCS009872,2025-01-26T12:11:07.14939Z,5.600259299999999
ZCS009872,2025-01-26T12:13:13.819286Z,5.1604277000000005
ZCS009872,2025-01-26T12:15:04.649315Z,4.987468799999999
ZCS009872,2025-01-26T12:15:20.479381Z,4.6274985
ZCS009872,2025-01-26T12:15:36.351838Z,4.881729999999999
ZCS009872,2025-01-26T12:16:08.019385Z,4.7231841
ZCS009872,2025-01-26T12:17:27.239487Z,3.8471758
ZCS009872,2025-01-26T12:17:43.079253Z,4.724376
ZCS009872,2025-01-26T12:17:58.90935Z,4.4012622
ZCS009872,2025-01-26T12:19:01.549254Z,4.181127
ZCS009872,2025-01-26T12:20:36.349728Z,3.6486055
ZCS009872,2025-01-26T12:20:52.319193Z,4.0715454
ZCS009872,2025-01-26T12:21:23.979744Z,3.7435853999999997
ZCS009872,2025-01-26T12:23:30.319349Z,3.4305403
ZCS009872,2025-01-26T12:24:49.559248Z,2.7935187999999997
ZCS009872,2025-01-26T12:25:05.369338Z,3.4282505000000003
ZCS009872,2025-01-26T12:26:08.639744Z,3.2177136
ZCS009872,2025-01-26T12:26:56.050102Z,2.6913400999999997
ZCS009872,2025-01-26T12:27:11.909454Z,3.1064385000000003
ZCS009872,2025-01-26T12:27:59.199284Z,2.1558701
ZCS009872,2025-01-26T12:28:17.779317Z,3.0679509
ZCS009872,2025-01-26T12:29:34.269056Z,2.7921543
ZCS009872,2025-01-26T12:30:37.5597Z,3.1089321
ZCS009872,2025-01-26T12:30:53.510011Z,2.1569993
ZCS009872,2025-01-26T12:31:25.059436Z,3.0003389
ZCS009872,2025-01-26T12:31:40.879237Z,2.4772431999999998
ZCS009872,2025-01-26T12:32:12.67965Z,1.9350447
ZCS009872,2025-01-26T12:32:28.539469Z,2.6909479999999997
ZCS009872,2025-01-26T12:33:00.171617Z,2.367646
ZCS009872,2025-01-26T12:34:19.189534Z,1.935076
ZCS009872,2025-01-26T12:34:34.979255Z,2.4768510999999998
ZCS009872,2025-01-26T12:35:22.359398Z,1.9377737
ZCS009872,2025-01-26T12:35:38.17928Z,2.4792975999999998
ZCS009872,2025-01-26T12:36:09.679159Z,2.1559014000000003
ZCS009872,2025-01-26T12:37:28.679918Z,1.7281307
ZCS009872,2025-01-26T12:37:44.450461Z,2.2343665
ZCS009872,2025-01-26T12:38:31.709596Z,1.8297762
ZCS009872,2025-01-26T12:38:47.528239Z,2.1610142
ZCS009872,2025-01-26T12:39:35.279298Z,1.7293855
ZCS009872,2025-01-26T12:40:06.789645Z,1.8317211
ZCS009872,2025-01-26T12:45:54.339374Z,1.7281621
ZCS009872,2025-01-26T12:46:57.689227Z,1.6197412999999998
ZCS009872,2025-01-26T12:51:09.319156Z,1.3171886
ZCS009872,2025-01-27T11:29:48.349639Z,6.5899268
ZCS009872,2025-01-27T11:36:09.466318Z,1.0038
ZCS009872,2025-01-27T11:36:31.29961Z,0.941
ZCS009872,2025-01-27T11:37:03.939785Z,6.5841079
ZCS009872,2025-01-27T11:38:07.409356Z,7.0825806
ZCS009872,2025-01-27T11:41:33.30939Z,6.5865703
ZCS009872,2025-01-27T11:42:20.959134Z,6.5896289
ZCS009872,2025-01-27T11:48:27.913153Z,7.1035024
ZCS009872,2025-01-27T11:50:00.51959Z,7.0315303
ZCS009872,2025-01-27T11:51:03.94931Z,6.5150688
ZCS009872,2025-01-27T11:58:43.759179Z,6.977406299999999
ZCS009872,2025-01-27T11:58:59.746306Z,6.5982075
ZCS009872,2025-01-27T12:00:34.949428Z,7.0740171
ZCS009872,2025-01-27T12:00:50.769197Z,6.602207
ZCS009872,2025-01-27T12:03:13.55957Z,7.020849599999999
ZCS009872,2025-01-27T12:04:16.889727Z,6.5977998
ZCS009872,2025-01-27T12:04:32.769371Z,7.0538325
ZCS009872,2025-01-27T12:05:04.49935Z,6.612809100000001
ZCS009872,2025-01-27T12:06:07.81932Z,7.0324399
ZCS009872,2025-01-27T12:06:23.699449Z,6.601501
ZCS009872,2025-01-27T12:07:42.919223Z,6.993968300000001
ZCS009872,2025-01-27T12:10:05.597621Z,7.0402661
ZCS009872,2025-01-27T12:10:52.989577Z,6.5979565000000004
ZCS009872,2025-01-27T12:12:12.350371Z,7.021508300000001
ZCS009872,2025-01-27T12:15:50.529341Z,6.6032891
ZCS009872,2025-01-27T12:34:54.889174Z,6.0681641
ZCS009872,2025-01-27T12:35:42.447475Z,5.603835
ZCS009872,2025-01-27T12:35:58.309391Z,6.041345199999999
ZCS009872,2025-01-27T12:36:29.969321Z,5.7081938
ZCS009872,2025-01-27T12:36:45.819409Z,5.5009976
ZCS009872,2025-01-27T12:37:49.509112Z,5.3855972
ZCS009872,2025-01-27T12:38:52.938982Z,5.1651016
ZCS009872,2025-01-27T12:39:40.459217Z,5.0515049
ZCS009872,2025-01-27T12:39:56.259407Z,4.5180894
ZCS009872,2025-01-27T12:40:12.079423Z,5.172190400000001
ZCS009872,2025-01-27T12:40:43.81941Z,4.5629761
ZCS009872,2025-01-27T12:40:59.669373Z,4.404116699999999
ZCS009872,2025-01-27T12:41:31.450067Z,4.780633300000001
ZCS009872,2025-01-27T12:42:03.160189Z,4.3534429
ZCS009872,2025-01-27T12:43:22.629266Z,4.0859902
ZCS009872,2025-01-27T12:44:57.640923Z,3.6515225
ZCS009872,2025-01-27T12:46:32.819328Z,3.8580444000000003
ZCS009872,2025-01-27T12:47:04.469266Z,3.3285812999999997
ZCS009872,2025-01-27T12:51:01.759353Z,3.1135432
ZCS009872,2025-01-27T12:52:20.779063Z,2.6932378
ZCS009872,2025-01-27T12:52:36.689853Z,3.0057966
ZCS009872,2025-01-27T12:53:24.259669Z,2.4780115
ZCS009872,2025-01-27T12:53:39.989212Z,3.0012954
ZCS009872,2025-01-27T12:54:27.349372Z,2.5881733
ZCS009872,2025-01-27T12:54:59.209408Z,2.8973757
ZCS009872,2025-01-27T12:55:30.759535Z,2.1613279000000003
ZCS009872,2025-01-27T12:56:02.389329Z,2.79446
ZCS009872,2025-01-27T12:56:34.000398Z,2.1605281
ZCS009872,2025-01-27T12:57:05.559598Z,2.5855227
ZCS009872,2025-01-27T12:57:37.109316Z,2.2681492
ZCS009872,2025-01-27T13:00:14.989529Z,2.050084
ZCS009872,2025-01-27T13:03:08.67918Z,1.6193805
ZCS009872,2025-01-27T13:03:24.458267Z,2.0478413
ZCS009872,2025-01-27T13:04:43.269571Z,1.8312819
ZCS009872,2025-01-27T13:09:11.639035Z,1.5221265000000002
ZCS009872,2025-01-27T13:09:27.489353Z,1.7306088
ZCS009872,2025-01-27T13:10:30.549101Z,1.3175337
ZCS009872,2025-01-27T13:10:46.309595Z,1.6222977
ZCS009872,2025-01-27T13:12:05.429583Z,1.2149158
ZCS009872,2025-01-27T13:12:21.219336Z,1.6230034
ZCS009872,2025-01-27T13:13:08.459413Z,1.2149158
ZCS009872,2025-01-27T13:13:24.309312Z,1.5998074
ZCS009872,2025-01-27T13:14:11.500195Z,1.007892
ZCS009872,2025-01-27T13:14:27.269197Z,1.5242751
ZCS009872,2025-01-27T13:14:59.099287Z,1.1754087
ZCS009872,2025-01-27T13:15:30.664187Z,1.6213567
ZCS009872,2025-01-27T13:16:02.189566Z,1.3180983000000002
ZCS009872,2025-01-28T11:21:19.889572Z,6.5904287
ZCS009872,2025-01-28T11:30:35.96989Z,1.2076
ZCS009872,2025-01-28T11:31:00.069793Z,1.7095
ZCS009872,2025-01-28T11:31:32.779094Z,6.5248398
ZCS009872,2025-01-28T12:26:28.819527Z,6.2651816
ZCS009872,2025-01-28T12:26:44.69945Z,5.827342300000001
ZCS009872,2025-01-28T12:27:16.419226Z,5.941722700000001
ZCS009872,2025-01-28T12:27:48.089381Z,5.6476079
ZCS009872,2025-01-28T12:28:34.859548Z,5.3270977
ZCS009872,2025-01-28T12:29:54.01021Z,4.634415
ZCS009872,2025-01-28T12:30:25.719431Z,5.2859595
ZCS009872,2025-01-28T12:30:57.429309Z,5.0636128
ZCS009872,2025-01-28T12:30:57.43,5.0636128
ZCS009872,2025-01-28T12:31:29.149546Z,4.9534194
ZCS009872,2025-01-28T12:32:15.871247Z,4.516599599999999
ZCS009872,2025-01-28T12:33:03.522718Z,4.0737568
ZCS009872,2025-01-28T12:35:10.256849Z,3.7585632
ZCS009872,2025-01-28T12:36:13.469382Z,3.5396042000000003
ZCS009872,2025-01-28T12:36:45.129385Z,3.8624672999999996
ZCS009872,2025-01-28T12:37:27.769569Z,2.9024102
ZCS009872,2025-01-28T12:37:32.639397Z,3.5407805
ZCS009872,2025-01-28T12:38:20.109321Z,3.3926646000000003
ZCS009872,2025-01-28T12:39:23.599045Z,3.2218384
ZCS009872,2025-01-28T12:40:26.80903Z,3.0041028
ZCS009872,2025-01-28T12:43:21.069646Z,1.9394989
ZCS009872,2025-01-28T12:43:36.850155Z,3.0044792
ZCS009872,2025-01-28T12:44:24.279973Z,2.0507898
ZCS009872,2025-01-28T12:44:40.129207Z,2.8993206
ZCS009872,2025-01-28T12:44:55.949318Z,2.4797995999999998
ZCS009872,2025-01-28T12:46:30.83003Z,2.3797537
ZCS009872,2025-01-28T12:47:34.129383Z,2.3759270000000003
ZCS009872,2025-01-28T12:48:37.209193Z,2.1571404000000003
ZCS009872,2025-01-28T12:51:46.719145Z,1.9404241999999998
ZCS009872,2025-01-28T12:54:40.599171Z,1.3160123000000001
ZCS009872,2025-01-28T12:54:56.389166Z,1.7305460000000001
ZCS009872,2025-01-28T12:57:50.022131Z,1.7324437000000001
ZCS009872,2025-01-28T12:58:53.049566Z,1.6207449999999999
ZCS009872,2025-01-28T13:01:13.979356Z,1.2141316
ZCS009872,2025-01-28T13:01:29.739611Z,1.6214978
ZCS009872,2025-01-28T13:02:32.789242Z,1.2149158
ZCS009872,2025-01-28T13:03:20.219364Z,1.5226283
ZCS009872,2025-01-28T13:04:54.576383Z,0.8954718
ZCS009872,2025-01-28T13:05:10.369011Z,1.2158097
ZCS009872,2025-01-29T11:30:23.229714Z,6.5992427
ZCS009872,2025-01-29T11:36:01.08926Z,0.8626
ZCS009872,2025-01-29T11:36:33.80925Z,6.5834022999999995
ZCS009872,2025-01-29T12:29:23.21933Z,6.2596924
ZCS009872,2025-01-29T12:30:42.509559Z,5.6102495
ZCS009872,2025-01-29T12:33:05.136998Z,4.8843491000000006
ZCS009872,2025-01-29T12:35:11.761215Z,4.4082256
ZCS009872,2025-01-29T12:35:43.349492Z,4.666519
ZCS009872,2025-01-29T12:36:15.019574Z,4.0753252
ZCS009872,2025-01-29T12:39:09.229662Z,3.9634697
ZCS009872,2025-01-29T12:39:40.910063Z,3.541157
ZCS009872,2025-01-29T12:39:56.759275Z,3.858562
ZCS009872,2025-01-29T12:40:28.389403Z,3.6011154999999997
ZCS009872,2025-01-29T12:42:19.219351Z,3.0042910000000003
ZCS009872,2025-01-29T12:42:35.05916Z,3.0049968
ZCS009872,2025-01-29T12:42:51.030027Z,3.4346653000000003
ZCS009872,2025-01-29T12:43:22.699295Z,2.6565695999999996
ZCS009872,2025-01-29T12:43:38.636652Z,3.3885083
ZCS009872,2025-01-29T12:43:54.471074Z,3.1141547999999997
ZCS009872,2025-01-29T12:46:17.379561Z,2.8001531
ZCS009872,2025-01-29T12:47:36.370278Z,2.7943501
ZCS009872,2025-01-29T12:48:39.629335Z,2.4462993
ZCS009872,2025-01-29T12:51:33.599331Z,1.7307343000000002
ZCS009872,2025-01-29T12:51:49.379509Z,2.4814933999999997
ZCS009872,2025-01-29T12:52:21.019715Z,2.2683372
ZCS009872,2025-01-29T12:53:40.177496Z,1.7315498
ZCS009872,2025-01-29T12:53:55.970122Z,2.2685413
ZCS009872,2025-01-29T12:54:43.290073Z,1.9397341
ZCS009872,2025-01-29T12:54:59.129659Z,2.1321877
ZCS009872,2025-01-29T12:55:45.809645Z,1.8329601
ZCS009872,2025-01-29T13:02:04.479344Z,1.6220468000000001
ZCS009872,2025-01-29T13:03:07.629476Z,1.3988061999999999
ZCS009872,2025-01-29T13:03:23.439942Z,1.7262174
ZCS009872,2025-01-29T13:03:39.166907Z,1.5996191
ZCS009872,2025-01-29T13:04:58.039433Z,0.8973225
ZCS009872,2025-01-29T13:05:13.809549Z,1.5238359000000001
ZCS009872,2025-01-29T13:07:04.000987Z,1.0077509
ZCS009872,2025-01-29T13:07:19.849399Z,1.6230347999999999
ZCS009872,2025-01-29T13:07:51.439423Z,1.1117803
ZCS009872,2025-01-29T13:08:38.679332Z,1.3199332
ZCS009872,2025-01-30T11:26:17.609685Z,6.1443081
ZCS009872,2025-01-30T11:35:34.470149Z,0.941
ZCS009872,2025-01-30T11:36:04.669281Z,1.0979
ZCS009872,2025-01-30T11:36:36.079215Z,6.5884209
ZCS009872,2025-01-30T12:32:17.469403Z,5.9322813
ZCS009872,2025-01-30T12:33:20.769482Z,5.9348848
ZCS009872,2025-01-30T12:34:24.151085Z,5.4923242
ZCS009872,2025-01-30T12:35:43.409322Z,5.2112427
ZCS009872,2025-01-30T12:36:46.939323Z,4.665185999999999
ZCS009872,2025-01-30T12:37:02.719358Z,4.942832999999999
ZCS009872,2025-01-30T12:38:21.959079Z,4.623263700000001
ZCS009872,2025-01-30T12:38:37.76004Z,4.0957139
ZCS009872,2025-01-30T12:38:53.619448Z,4.6172725
ZCS009872,2025-01-30T12:39:40.980159Z,4.190082500000001
ZCS009872,2025-01-30T12:40:44.402204Z,4.1876356999999995
ZCS009872,2025-01-30T12:41:47.719109Z,3.9626228
ZCS009872,2025-01-30T12:42:51.089096Z,3.5413292999999997
ZCS009872,2025-01-30T12:43:22.779048Z,4.0773015
ZCS009872,2025-01-30T12:43:38.689338Z,3.8591736
ZCS009872,2025-01-30T12:43:54.529031Z,3.4373628
ZCS009872,2025-01-30T12:47:36.055515Z,3.2184194
ZCS009872,2025-01-30T12:48:55.029306Z,2.4483538
ZCS009872,2025-01-30T12:49:26.65936Z,3.117166
ZCS009872,2025-01-30T12:50:14.199813Z,2.8981287
ZCS009872,2025-01-30T12:50:30.063758Z,2.7609753
ZCS009872,2025-01-30T12:52:52.529539Z,2.4830617999999998
ZCS009872,2025-01-30T12:54:59.139403Z,2.158395
ZCS009872,2025-01-30T12:55:46.619642Z,2.4805994
ZCS009872,2025-01-30T12:56:18.149279Z,1.4143173
ZCS009872,2025-01-30T12:56:33.95933Z,2.4484009
ZCS009872,2025-01-30T12:57:21.339492Z,1.7075068000000002
ZCS009872,2025-01-30T12:57:37.109261Z,2.2684785
ZCS009872,2025-01-30T12:58:24.819161Z,1.6176868
ZCS009872,2025-01-30T12:58:40.609433Z,2.3687750999999997
ZCS009872,2025-01-30T12:58:56.369387Z,1.8328502
ZCS009872,2025-01-30T12:59:59.520278Z,2.0534404
ZCS009872,2025-01-30T13:01:34.139128Z,1.3154634
ZCS009872,2025-01-30T13:01:49.95936Z,1.7300442
ZCS009872,2025-01-30T13:02:21.429289Z,2.1261809
ZCS009872,2025-01-30T13:02:37.247746Z,1.3134246
ZCS009872,2025-01-30T13:02:53.049738Z,2.1546938
ZCS009872,2025-01-30T13:03:24.579537Z,1.7299342999999998
ZCS009872,2025-01-30T13:03:40.379653Z,1.1104471
ZCS009872,2025-01-30T13:03:56.359063Z,1.6207136
ZCS009872,2025-01-30T13:04:12.219873Z,2.0495352
ZCS009872,2025-01-30T13:04:28.019355Z,1.8323327999999999
ZCS009872,2025-01-30T13:04:43.769459Z,1.0066686
ZCS009872,2025-01-30T13:04:59.569667Z,1.5225028
ZCS009872,2025-01-30T13:05:31.039071Z,1.8056392
ZCS009872,2025-01-30T13:06:34.2279Z,1.6213880999999999
ZCS009872,2025-01-31T11:30:47.159606Z,6.5894404
ZCS009872,2025-01-31T11:40:35.719725Z,0.643
ZCS009872,2025-01-31T11:40:59.889931Z,1.0038
ZCS009872,2025-01-31T11:41:32.629295Z,6.5808457
ZCS009872,2025-01-31T12:39:34.499715Z,1.9448
ZCS009872,2025-01-31T12:40:07.170203Z,6.5990703
ZCS009872,2025-01-31T12:45:40.850528Z,1.6154
ZCS009872,2025-01-31T12:46:07.490444Z,0.6587
ZCS009872,2025-01-31T12:46:40.178607Z,6.5915420000000005
ZCS009872,2025-01-31T12:48:15.668536Z,5.9312461
ZCS009872,2025-01-31T12:49:18.99412Z,5.5981416
ZCS009872,2025-01-31T12:50:22.548971Z,5.1020063
ZCS009872,2025-01-31T12:51:26.109433Z,4.8370156
ZCS009872,2025-01-31T12:51:41.999066Z,5.0967051
ZCS009872,2025-01-31T12:52:13.671908Z,4.406626
ZCS009872,2025-01-31T12:52:29.509404Z,4.8379883
ZCS009872,2025-01-31T12:53:32.908946Z,4.299553700000001
ZCS009872,2025-01-31T12:54:04.59946Z,4.7225410000000005
ZCS009872,2025-01-31T12:54:36.266237Z,4.5070796
ZCS009872,2025-01-31T12:55:23.839083Z,4.188561
ZCS009872,2025-01-31T12:55:39.788664Z,3.9674063
ZCS009872,2025-01-31T12:56:58.959844Z,4.1872437
ZCS009872,2025-01-31T12:57:14.809458Z,3.918395
ZCS009872,2025-01-31T12:57:46.499283Z,3.6457666
ZCS009872,2025-01-31T12:59:37.199193Z,3.5355735
ZCS009872,2025-01-31T13:01:59.879304Z,3.1758854999999997
ZCS009872,2025-01-31T13:04:37.839688Z,2.8989756000000004
ZCS009896,2025-01-16T14:44:40.943603Z,6.5545449
ZCS009896,2025-01-16T14:51:09.323065Z,6.7117886
ZCS009896,2025-01-18T12:17:28.803971Z,4.551024900000001
ZCS009896,2025-01-18T12:18:01.645536Z,4.8398545
ZCS009896,2025-01-18T12:19:21.073921Z,5.3074927
ZCS009896,2025-01-18T12:19:36.933587Z,5.7794131
ZCS009896,2025-01-18T12:25:41.9337Z,0.12797830000000002
ZCS009896,2025-01-18T12:26:06.373603Z,4.579522
ZCS009896,2025-01-18T12:26:23.503511Z,5.1558013
ZCS009896,2025-01-18T12:26:39.344105Z,5.7024691999999995
ZCS009896,2025-01-18T12:26:55.183571Z,6.0289706999999995
ZCS009896,2025-01-18T14:15:58.403836Z,6.6692231
ZCS009896,2025-01-18T15:15:24.23401Z,1.0979
ZCS009896,2025-01-18T15:15:40.023743Z,6.6241641
ZPR186689,2025-01-14T13:13:48.582678Z,6.7739189
ZPR186689,2025-01-14T13:13:48.583,6.7739189
ZPR186689,2025-01-14T13:18:27.999278Z,6.7846924
ZPR186689,2025-01-14T13:18:28,6.7846924
ZPR186689,2025-01-14T13:23:01.693662Z,6.7931538
ZPR186689,2025-01-15T04:40:28.899501Z,3.4666045
ZPR186689,2025-01-17T12:51:38.471098Z,6.3346
ZPR186689,2025-01-17T12:51:54.874649Z,6.7781265
ZPR186689,2025-01-17T12:57:05.499669Z,1.5027
ZPR186689,2025-01-17T12:57:05.5,1.5027
ZPR186689,2025-01-17T12:57:37.157,6.769272
ZPR186689,2025-01-17T13:06:11.752101Z,2.7974
ZPR186689,2025-01-17T13:09:17.088795Z,6.8455645
ZPR186689,2025-01-17T13:12:00.678778Z,1.1791
ZPR186689,2025-01-17T13:14:25.063069Z,6.8398545
ZPR186689,2025-01-17T13:16:22.947547Z,6.8484087
ZPR186689,2025-01-17T13:21:34.92525Z,0.2543
ZPR186689,2025-01-17T13:21:41.456218Z,6.8108169
ZPR186689,2025-01-17T18:13:49.871976Z,2.9303818
ZPR186689,2025-01-17T19:05:07.641011Z,0.2081
ZPR186689,2025-01-21T14:38:18.856217Z,6.7489272
ZPR186689,2025-01-21T14:46:45.11832Z,6.343234900000001
ZPR186689,2025-01-22T04:39:13.266879Z,5.8842065
ZPR186689,2025-01-24T23:07:32.771475Z,6.887178700000001
ZPR186689,2025-01-27T23:03:39.086668Z,6.9086099
ZPR186689,2025-01-27T23:12:58.124888Z,5.966741699999999
ZPR186689,2025-01-27T23:13:53.291033Z,11.259
ZPR186689,2025-01-27T23:14:09.590962Z,6.9179966
ZPR186689,2025-01-27T23:21:11.275316Z,5.9791104
ZPR186689,2025-01-29T14:17:15.810775Z,6.2819229
ZPR186689,2025-01-30T04:38:07.350318Z,3.5111086
ZPR186689,2025-01-30T04:39:08.755025Z,1.4796
ZPR186689,2025-01-30T04:39:24.00851Z,2.2567399999999997
ZPR186689,2025-01-30T04:46:23.198516Z,1.2833599
ZPR186689,2025-01-30T14:34:07.626397Z,0.3005
ZPR186689,2025-01-30T14:39:21.447161Z,0.2081
ZPR186689,2025-01-31T04:36:42.959661Z,3.4794124
ZPR196818,2025-01-14T19:43:18.238051Z,3.0826902
ZPR196818,2025-01-14T19:43:48.844507Z,0.3410749
ZPR196818,2025-01-14T19:50:34.160647Z,0.1618
ZPR196818,2025-01-14T19:50:41.821433Z,0.4167434
ZPR196818,2025-01-14T19:56:46.030417Z,0.2774
ZPR196818,2025-01-14T19:57:02.464063Z,3.0334004
ZPR196818,2025-01-14T21:24:36.372895Z,0.1319171
ZPR196818,2025-01-14T21:24:52.722791Z,2.6273147
ZPR196818,2025-01-14T21:25:08.185853Z,3.0487976
ZPR196818,2025-01-15T01:42:33.724553Z,2.1732
ZPR196818,2025-01-15T01:43:36.799323Z,0.1387
ZPR196818,2025-01-15T07:47:05.109717Z,2.1501
ZPR196818,2025-01-15T07:48:08.165185Z,2.4737
ZPR196818,2025-01-16T07:34:22.073046Z,14.7037
ZPR196818,2025-01-16T12:25:50.053639Z,1.2022
ZPR196818,2025-01-16T12:26:06.437562Z,3.0717778
ZPR196818,2025-01-16T12:36:03.362901Z,0.6762545
ZPR196818,2025-01-16T12:36:34.003233Z,1.1486454000000001
ZPR196818,2025-01-16T12:37:19.770692Z,1.5010948000000002
ZPR196818,2025-01-16T12:38:36.148515Z,1.7874469999999998
ZPR196818,2025-01-16T12:40:07.683064Z,2.1118069
ZPR196818,2025-01-16T12:41:23.892129Z,2.3679424
ZPR196818,2025-01-16T12:44:11.600957Z,2.0807116999999997
ZPR196818,2025-01-16T12:46:28.873639Z,1.8274429
ZPR196818,2025-01-16T12:49:01.569611Z,1.5790059
ZPR196818,2025-01-16T12:54:35.755891Z,1.3271011000000001
ZPR196818,2025-01-16T23:01:02.430067Z,15.0042
ZPR196818,2025-01-16T23:01:18.807166Z,5.9664873
ZPR196818,2025-01-16T23:06:30.823727Z,13.5709
ZPR196818,2025-01-16T23:06:47.160911Z,6.9194302
ZPR196818,2025-01-16T23:19:18.304539Z,5.9334731000000005
ZPR196818,2025-01-16T23:19:45.988138Z,11.1896
ZPR196818,2025-01-16T23:20:02.341866Z,7.0452666
ZPR196818,2025-01-16T23:27:24.993461Z,6.8469287
ZPR196818,2025-01-16T23:48:43.455043Z,5.920503399999999
ZPR196818,2025-01-16T23:49:25.94859Z,10.8197
ZPR196818,2025-01-16T23:49:42.283989Z,6.8507666
ZPR196818,2025-01-17T00:10:34.9726Z,6.6097275
ZPR196818,2025-01-17T00:18:02.87105Z,6.0947979
ZPR196818,2025-01-17T00:19:12.893934Z,13.6865
ZPR196818,2025-01-17T00:19:29.22587Z,6.8335195
ZPR196818,2025-01-17T00:25:35.840611Z,7.0875977
ZPR196818,2025-01-17T00:40:38.798878Z,7.049729
ZPR196818,2025-01-18T23:00:40.180544Z,14.4725
ZPR196818,2025-01-18T23:00:56.544152Z,6.9475425
ZPR196818,2025-01-18T23:06:26.938777Z,10.1492
ZPR196818,2025-01-18T23:06:43.308475Z,7.0053633
ZPR196818,2025-01-18T23:22:56.222571Z,14.3338
ZPR196818,2025-01-18T23:23:12.662681Z,7.0329214
ZPR196818,2025-01-18T23:31:01.683314Z,12.2993
ZPR196818,2025-01-18T23:31:18.012439Z,7.0470933
ZPR196818,2025-01-18T23:35:29.661034Z,13.1778
ZPR196818,2025-01-18T23:35:46.028247Z,6.9328159
ZPR196818,2025-01-18T23:41:17.214777Z,14.6806
ZPR196818,2025-01-18T23:41:33.58327Z,7.0150502999999995
ZPR196818,2025-01-18T23:57:23.666069Z,15.3279
ZPR196818,2025-01-18T23:57:40.062932Z,7.0829043
ZPR196818,2025-01-19T00:05:58.396049Z,13.409
ZPR196818,2025-01-19T00:06:14.810394Z,7.1247964
ZPR196818,2025-01-19T00:07:15.876073Z,6.8979063
ZPR196818,2025-01-19T00:14:07.897014Z,7.1464355
ZPR196818,2025-01-19T00:38:33.917846Z,6.8942305
ZPR196818,2025-01-19T23:00:58.904526Z,15.143
ZPR196818,2025-01-19T23:01:15.264279Z,6.913974100000001
ZPR196818,2025-01-20T23:00:43.933988Z,12.1606
ZPR196818,2025-01-20T23:01:00.327589Z,6.856753899999999
ZPR196818,2025-01-20T23:06:20.050837Z,13.9408
ZPR196818,2025-01-20T23:06:36.415721Z,6.9194995
ZPR196818,2025-01-20T23:14:47.936723Z,5.9705791
ZPR196818,2025-01-20T23:15:14.576392Z,10.1955
ZPR196818,2025-01-20T23:15:30.972714Z,6.9259492
ZPR196818,2025-01-20T23:20:44.771087Z,11.8138
ZPR196818,2025-01-20T23:21:01.112999Z,6.9391967999999995
ZPR196818,2025-01-20T23:59:11.094547Z,11.652
ZPR196818,2025-01-20T23:59:51.813056Z,6.9894805
ZPR196818,2025-01-21T00:06:20.810818Z,11.3052
ZPR196818,2025-01-21T00:06:37.358479Z,6.9422949
ZPR196818,2025-01-21T00:08:55.79999Z,6.697024900000001
ZPR196818,2025-01-21T00:15:16.191451Z,6.613565400000001
ZPR196818,2025-01-21T00:20:54.060809Z,6.0359365
ZPR196818,2025-01-21T00:21:20.665067Z,12.6692
ZPR196818,2025-01-21T00:21:36.986279Z,7.0081147
ZPR196818,2025-01-21T00:23:23.852609Z,6.687269000000001
ZPR196818,2025-01-21T00:29:45.673877Z,6.1887533999999995
ZPR196818,2025-01-21T00:30:31.449682Z,5.7650277999999995
ZPR196818,2025-01-21T00:39:10.244266Z,5.3699238
ZPR196818,2025-01-21T00:43:10.832047Z,11.3746
ZPR196818,2025-01-21T00:43:27.180558Z,6.9792157999999995
ZPR196818,2025-01-21T00:46:00.286738Z,6.7851777
ZPR196818,2025-01-21T15:41:51.180967Z,6.219
ZPR196818,2025-01-21T15:42:07.604674Z,2.3316918999999996
ZPR196818,2025-01-21T15:42:22.927894Z,3.0830832999999997
ZPR196818,2025-01-21T15:50:32.63243Z,1.1619849999999998
ZPR196818,2025-01-21T15:50:47.901671Z,3.092978
ZPR196818,2025-01-21T16:02:12.654114Z,4.1152
ZPR196818,2025-01-21T16:02:29.024922Z,2.6068081000000003
ZPR196818,2025-01-21T16:02:44.364094Z,3.0524272
ZPR196818,2025-01-21T16:11:20.566734Z,0.5549
ZPR196818,2025-01-21T16:11:24.937561Z,1.7211416
ZPR196818,2025-01-21T16:11:40.264183Z,3.094157
ZPR196818,2025-01-21T16:22:53.322699Z,0.2543
ZPR196818,2025-01-21T16:23:09.740275Z,2.7083699
ZPR196818,2025-01-21T16:23:25.023099Z,3.0943882
ZPR196818,2025-01-21T16:31:04.680725Z,1.2253
ZPR196818,2025-01-21T16:31:19.866185Z,3.0995207999999996
ZPR196818,2025-01-21T16:48:49.605165Z,2.2888
ZPR196818,2025-01-21T16:49:05.943705Z,2.8929521
ZPR196818,2025-01-21T17:02:13.195489Z,0.2774
ZPR196818,2025-01-21T17:02:29.543305Z,3.0499536
ZPR196818,2025-01-21T17:19:41.067941Z,1.8264
ZPR196818,2025-01-21T17:19:46.536921Z,1.8937483
ZPR196818,2025-01-21T17:20:01.575033Z,3.0964922
ZPR196818,2025-01-21T21:39:19.221218Z,2.1269
ZPR196818,2025-01-21T21:40:21.809997Z,1.6646
ZPR196818,2025-01-22T03:43:59.280438Z,0.4161
ZPR196818,2025-01-22T03:45:02.404007Z,2.1038
ZPR196818,2025-01-22T21:29:09.166208Z,5.1093
ZPR196818,2025-01-22T21:29:11.36291Z,5.2261006
ZPR196818,2025-01-22T21:29:25.590357Z,7.3375146
ZPR196818,2025-01-23T00:38:24.911595Z,6.9664307
ZPR196818,2025-01-23T00:42:30.418138Z,6.1689868
ZPR196818,2025-01-23T00:47:52.316805Z,5.4968242
ZPR196818,2025-01-23T00:54:00.065644Z,4.717412599999999
ZPR196818,2025-01-23T01:01:24.580343Z,3.9913369
ZPR196818,2025-01-23T01:05:29.628247Z,4.141564000000001
ZPR196818,2025-01-23T01:05:44.925648Z,3.6190281
ZPR196818,2025-01-23T01:10:20.570885Z,3.1765529999999997
ZPR196818,2025-01-23T01:10:35.883042Z,1.3178
ZPR196818,2025-01-23T01:10:38.080494Z,2.972158
ZPR196818,2025-01-23T01:10:52.234062Z,3.2485459
ZPR196818,2025-01-23T01:17:56.57738Z,4.9475
ZPR196818,2025-01-23T01:17:58.77739Z,2.41529
ZPR196818,2025-01-23T01:18:12.999595Z,2.8549678
ZPR196818,2025-01-23T01:20:00.133748Z,0.6705
ZPR196818,2025-01-23T23:00:40.911584Z,10.4498
ZPR196818,2025-01-23T23:00:57.318198Z,6.8573325
ZPR196818,2025-01-23T23:11:27.045504Z,13.3397
ZPR196818,2025-01-23T23:11:33.617978Z,6.8523618
ZPR196818,2025-01-24T00:08:54.641712Z,15.6516
ZPR196818,2025-01-24T00:09:34.060543Z,6.9995835
ZPR196818,2025-01-24T00:16:25.639735Z,12.9698
ZPR196818,2025-01-24T00:16:42.017552Z,6.9902666
ZPR196818,2025-01-24T00:22:18.442646Z,6.6707388000000005
ZPR196818,2025-01-24T00:24:05.622756Z,7.0557627
ZPR196818,2025-01-24T00:50:04.953958Z,11.5364
ZPR196818,2025-01-24T00:50:39.820493Z,6.9807646000000005
ZPR196818,2025-01-24T01:04:29.061675Z,5.9150244
ZPR196818,2025-01-24T01:05:35.826659Z,14.2876
ZPR196818,2025-01-24T01:05:52.175664Z,6.9641421
ZPR196818,2025-01-24T01:13:30.216232Z,6.2879570000000005
ZPR196818,2025-01-24T01:16:18.275608Z,5.861411100000001
ZPR196818,2025-01-24T07:30:44.734726Z,12.2068
ZPR196818,2025-01-24T07:31:01.084585Z,6.7784038
ZPR196818,2025-01-27T05:16:32.844642Z,0.9248
ZPR196818,2025-01-27T05:16:49.247833Z,6.6856274
ZPR196818,2025-01-27T05:25:55.65454Z,1.7802
ZPR196818,2025-01-27T05:26:01.115962Z,2.2205125
ZPR196818,2025-01-27T05:26:16.421268Z,6.7489736
ZPR196818,2025-01-27T05:51:13.301841Z,6.2966963
ZPR196818,2025-01-27T05:51:54.953234Z,0.8092
ZPR196818,2025-01-27T05:52:02.646224Z,6.8977676
ZPR196818,2025-01-27T06:26:31.363945Z,6.290962400000001
ZPR196818,2025-01-27T06:27:38.652396Z,6.7075444
ZPR196818,2025-01-27T07:28:57.318239Z,6.3125791
ZPR196818,2025-01-27T07:30:19.369403Z,6.8392992999999995
ZPR196818,2025-01-28T04:34:04.304166Z,0.971
ZPR196818,2025-01-28T04:34:20.637351Z,6.7603481
ZPR196818,2025-01-28T04:35:06.434883Z,6.3900737
ZPR196818,2025-01-28T04:36:22.832049Z,5.9924268000000005
ZPR196818,2025-01-28T04:36:53.343677Z,5.7553179
ZPR196818,2025-01-28T04:45:39.505782Z,2.1233894
ZPR196818,2025-01-28T04:46:29.628804Z,0.0462
ZPR196818,2025-01-28T04:46:44.923559Z,2.2011387
ZPR196818,2025-01-28T04:47:00.180089Z,3.2159019
ZPR196818,2025-01-28T04:48:16.452083Z,3.5426892
ZPR196818,2025-01-28T04:48:31.716581Z,2.5731238
ZPR196818,2025-01-28T04:49:02.270078Z,2.204491
ZPR196818,2025-01-28T04:50:03.207341Z,2.5455889000000003
ZPR196818,2025-01-28T04:50:49.210828Z,3.6689189
ZPR196818,2025-01-28T04:51:04.485745Z,3.2477598
ZPR196818,2025-01-28T04:52:05.757113Z,2.3999854
ZPR196818,2025-01-28T04:52:36.220943Z,2.7258479
ZPR196818,2025-01-28T04:53:06.78689Z,2.3093820999999997
ZPR196818,2025-01-28T04:54:23.124725Z,2.6241475
ZPR196818,2025-01-28T04:55:09.022017Z,3.4827185
ZPR196818,2025-01-28T04:55:09.023,3.4827185
ZPR196818,2025-01-28T04:55:40.651565Z,3.2442227
ZPR196818,2025-01-28T04:56:25.405006Z,2.6361692
ZPR196818,2025-01-28T04:57:26.551999Z,2.2176918999999997
ZPR196818,2025-01-28T04:58:42.884803Z,2.7419387
ZPR196818,2025-01-28T04:59:28.621052Z,3.0585076
ZPR196818,2025-01-28T15:09:43.722265Z,2.0576
ZPR196818,2025-01-28T15:10:00.20116Z,3.0479189
ZPR196818,2025-01-28T15:16:07.483942Z,0.9248
ZPR196818,2025-01-28T15:16:22.75076Z,3.1066875
ZPR196818,2025-01-28T15:21:38.499872Z,3.0893945
ZPR196818,2025-01-28T15:30:39.710076Z,0.4393
ZPR196818,2025-01-28T15:30:50.626302Z,3.101324
ZPR196818,2025-01-28T15:42:52.814369Z,0.6936
ZPR196818,2025-01-28T15:43:09.223684Z,3.0948044
ZPR196818,2025-01-28T15:50:21.133442Z,2.2657
ZPR196818,2025-01-28T15:50:36.373128Z,3.1068726
ZPR196818,2025-01-28T15:54:59.615246Z,3.0928394
ZPR196818,2025-01-28T16:00:45.247566Z,1.2022
ZPR196818,2025-01-28T16:00:51.801356Z,2.321843
ZPR196818,2025-01-28T16:01:07.24793Z,3.1083521000000003
ZPR196818,2025-01-28T21:09:45.188223Z,2.3581
ZPR196818,2025-01-28T21:10:48.222046Z,0.5549
ZPR196818,2025-01-29T03:14:27.355666Z,1.8726
ZPR196818,2025-01-29T03:15:30.446213Z,0.6936
ZPR196818,2025-01-29T09:19:14.94683Z,2.913
ZPR196818,2025-01-29T09:20:18.023295Z,1.156
ZPR196818,2025-01-29T23:00:58.931917Z,10.7272
ZPR196818,2025-01-29T23:01:15.368586Z,6.9898964999999995
ZPR196818,2025-01-29T23:11:41.808756Z,12.7617
ZPR196818,2025-01-29T23:11:41.81,12.7617
ZPR196818,2025-01-29T23:11:58.174839Z,6.8803589
ZPR196818,2025-01-29T23:36:05.953943Z,13.0622
ZPR196818,2025-01-29T23:36:39.716665Z,6.9828916
ZPR196818,2025-01-30T00:08:02.668617Z,6.0406528
ZPR196818,2025-01-30T00:09:42.997049Z,6.9607206999999995
ZPR196818,2025-01-30T00:14:11.721083Z,6.8021011
ZPR196818,2025-01-30T00:22:18.89275Z,6.0761636
ZPR196818,2025-01-30T00:22:55.019306Z,8.5078
ZPR196818,2025-01-30T00:23:11.404344Z,7.040481
ZPR196818,2025-01-30T00:26:49.049715Z,6.8036499
ZPR196818,2025-01-30T00:35:41.599622Z,6.0133496
ZPR196818,2025-01-30T00:36:53.526911Z,6.9701299
ZPR196818,2025-01-30T00:52:32.324524Z,5.9989927
ZPR196818,2025-01-30T00:53:00.019729Z,6.4502
ZPR196818,2025-01-30T00:53:16.347554Z,7.0117676
ZPR196818,2025-01-30T00:57:36.439423Z,6.7540366
ZPR196818,2025-01-30T00:59:23.249497Z,7.047625
ZPR196818,2025-01-30T01:04:59.186688Z,6.6974414
ZPR196818,2025-01-30T01:12:37.789163Z,6.3312821999999995
ZPR196818,2025-01-30T20:12:41.160994Z,1.364
ZPR196818,2025-01-30T20:12:57.557384Z,2.9856594
ZPR196818,2025-01-30T20:20:36.849776Z,2.8668
ZPR196818,2025-01-30T20:20:41.214641Z,1.5259
ZPR196818,2025-01-30T20:20:52.110698Z,3.0814417
ZPR196818,2025-01-30T20:29:57.728566Z,0.7030494
ZPR196818,2025-01-30T20:30:14.111456Z,3.0746445
ZPR196818,2025-01-30T21:19:17.707163Z,1.364
ZPR196818,2025-01-30T21:19:34.054143Z,3.0349724
ZPR196818,2025-01-30T21:39:38.82313Z,2.8114346
ZPR196818,2025-01-30T21:40:02.302865Z,0.6242
ZPR196818,2025-01-30T21:40:18.661563Z,0.5106529
ZPR196818,2025-01-30T21:40:49.145206Z,0.9682014
ZPR196818,2025-01-30T21:41:34.905853Z,1.2523804
ZPR196818,2025-01-30T21:42:51.191163Z,1.5343630000000001
ZPR196818,2025-01-30T21:44:07.4988Z,1.7920245
ZPR196818,2025-01-30T21:45:23.859076Z,2.0752324
ZPR196818,2025-01-30T21:46:40.114363Z,2.3698381
ZPR196818,2025-01-30T21:47:56.34296Z,2.6601206000000004
ZPR196818,2025-01-30T21:48:42.099827Z,2.4055107
ZPR196818,2025-01-30T21:52:48.104439Z,2.1505081
ZPR196818,2025-01-30T21:53:32.924768Z,1.5259
ZPR196818,2025-01-30T21:54:19.745039Z,0.441527
ZPR196818,2025-01-30T21:55:05.507528Z,0.7500272
ZPR196818,2025-01-30T21:56:21.869817Z,1.0403097000000001
ZPR196818,2025-01-30T21:57:38.074493Z,1.3234482
ZPR196818,2025-01-30T21:58:54.589287Z,1.5741741
ZPR196818,2025-01-30T22:00:10.832218Z,1.8573126
ZPR196818,2025-01-30T22:01:27.052758Z,2.1168467
ZPR196818,2025-01-30T22:04:38.846974Z,1.8749756
ZPR196818,2025-01-30T22:05:58.103645Z,0.8554
ZPR196818,2025-01-31T02:14:43.561136Z,3.7684
ZPR196818,2025-01-31T02:14:59.92238Z,2.6134434
ZPR196818,2025-01-31T02:15:15.212998Z,3.0645879
ZPR196818,2025-01-31T02:32:29.845075Z,1.1126953000000002
ZPR196818,2025-01-31T02:34:32.557371Z,0.8092
ZPR196818,2025-01-31T13:32:47.807575Z,4.4851
ZPR196818,2025-01-31T13:32:50.021157Z,7.4043281
ZPR196818,2025-01-31T15:23:22.784563Z,2.9592
ZPR196818,2025-01-31T23:00:43.33092Z,13.409
ZPR196818,2025-01-31T23:00:59.732589Z,6.895895
ZPR196818,2025-01-31T23:11:01.544907Z,12.4843
ZPR196818,2025-01-31T23:11:17.87351Z,6.9304116
ZPR196818,2025-01-31T23:19:08.022175Z,9.5019
ZPR196818,2025-01-31T23:19:24.429834Z,6.919060099999999
ZPR196818,2025-01-31T23:26:27.317921Z,14.4031
ZPR196818,2025-01-31T23:26:43.688038Z,6.972395499999999
ZPR196818,2025-01-31T23:31:46.055656Z,14.3338
ZPR196818,2025-01-31T23:32:02.446797Z,6.865077100000001
ZPR196818,2025-01-31T23:40:27.712886Z,1.5259
ZPR196818,2025-01-31T23:40:53.151508Z,11.5595
ZPR196818,2025-01-31T23:41:09.531568Z,6.9419941
