,site_key,circuit_id,timestamp,name,sum_value,chargers,circuit_power_kw,used_power_ratio
0,S988-X622,623200,2025-01-06 00:00:00+00:00,Klokkerjordet,0.0,0.0,0.0,0.0
1,S988-X622,623200,2025-01-06 01:00:00+00:00,Klokkerjordet,0.0,0.0,0.0,0.0
2,S988-X622,623200,2025-01-06 02:00:00+00:00,Klokkerjordet,0.0,0.0,0.0,0.0
3,S988-X622,623200,2025-01-06 03:00:00+00:00,Klokkerjordet,0.0,0.0,0.0,0.0
4,S988-X622,623200,2025-01-06 04:00:00+00:00,Klokkerjordet,0.0,0.0,0.0,0.0
5,S988-X622,623200,2025-01-06 05:00:00+00:00,Klokkerjordet,0.0,0.0,0.0,0.0
6,S988-X622,623200,2025-01-06 06:00:00+00:00,Klokkerjordet,0.0,0.0,0.0,0.0
7,S988-X622,623200,2025-01-06 07:00:00+00:00,Klokkerjordet,0.0,0.0,0.0,0.0
8,S988-X622,623200,2025-01-06 08:00:00+00:00,Klokkerjordet,0.0,0.0,0.0,0.0
9,S988-X622,623200,2025-01-06 09:00:00+00:00,Klokkerjordet,0.0,0.0,0.0,0.0
10,S988-X622,623200,2025-01-06 10:00:00+00:00,Klokkerjordet,5.418363571166992,1.0,25.09741620167303,21.59
11,S988-X622,623200,2025-01-06 11:00:00+00:00,Klokkerjordet,6.575962543487549,1.0,25.09741620167303,26.2
12,S988-X622,623200,2025-01-06 12:00:00+00:00,Klokkerjordet,4.516943454742432,1.0,25.09741620167303,18.0
13,S988-X622,623200,2025-01-06 13:00:00+00:00,Klokkerjordet,0.9719869494438171,1.0,25.09741620167303,3.87
14,S988-X622,623200,2025-01-06 14:00:00+00:00,Klokkerjordet,0.3325461149215698,1.0,25.09741620167303,1.33
15,S988-X622,623200,2025-01-06 15:00:00+00:00,Klokkerjordet,0.24908582866191864,1.0,25.09741620167303,0.99
16,S988-X622,623200,2025-01-06 16:00:00+00:00,Klokkerjordet,0.0,0.0,0.0,0.0
17,S988-X622,623200,2025-01-06 17:00:00+00:00,Klokkerjordet,0.0,0.0,0.0,0.0
18,S988-X622,623200,2025-01-06 18:00:00+00:00,Klokkerjordet,0.0,0.0,0.0,0.0
19,S988-X622,623200,2025-01-06 19:00:00+00:00,Klokkerjordet,0.0,0.0,0.0,0.0
20,S988-X622,623200,2025-01-06 20:00:00+00:00,Klokkerjordet,0.0,0.0,0.0,0.0
21,S988-X622,623200,2025-01-06 21:00:00+00:00,Klokkerjordet,0.0,0.0,0.0,0.0
22,S988-X622,623200,2025-01-06 22:00:00+00:00,Klokkerjordet,0.0,0.0,0.0,0.0
23,S988-X622,623200,2025-01-06 23:00:00+00:00,Klokkerjordet,0.0,0.0,0.0,0.0
24,S988-X622,623200,2025-01-07 00:00:00+00:00,Klokkerjordet,0.0,0.0,0.0,0.0
25,S988-X622,623200,2025-01-07 01:00:00+00:00,Klokkerjordet,0.0,0.0,0.0,0.0
26,S988-X622,623200,2025-01-07 02:00:00+00:00,Klokkerjordet,0.0,0.0,0.0,0.0
27,S988-X622,623200,2025-01-07 03:00:00+00:00,Klokkerjordet,0.0,0.0,0.0,0.0
28,S988-X622,623200,2025-01-07 04:00:00+00:00,Klokkerjordet,0.0,0.0,0.0,0.0
29,S988-X622,623200,2025-01-07 05:00:00+00:00,Klokkerjordet,0.0,0.0,0.0,0.0
30,S988-X622,623200,2025-01-07 06:00:00+00:00,Klokkerjordet,0.0,0.0,0.0,0.0
31,S988-X622,623200,2025-01-07 07:00:00+00:00,Klokkerjordet,0.0,0.0,0.0,0.0
32,S988-X622,623200,2025-01-07 08:00:00+00:00,Klokkerjordet,0.0,0.0,0.0,0.0
33,S988-X622,623200,2025-01-07 09:00:00+00:00,Klokkerjordet,0.0,0.0,0.0,0.0
34,S988-X622,623200,2025-01-07 10:00:00+00:00,Klokkerjordet,0.0,0.0,0.0,0.0
35,S988-X622,623200,2025-01-07 11:00:00+00:00,Klokkerjordet,0.0,0.0,0.0,0.0
36,S988-X622,623200,2025-01-07 12:00:00+00:00,Klokkerjordet,0.0,0.0,0.0,0.0
37,S988-X622,623200,2025-01-07 13:00:00+00:00,Klokkerjordet,0.0,0.0,0.0,0.0
38,S988-X622,623200,2025-01-07 14:00:00+00:00,Klokkerjordet,0.0,0.0,0.0,0.0
39,S988-X622,623200,2025-01-07 15:00:00+00:00,Klokkerjordet,0.0,0.0,0.0,0.0
40,S988-X622,623200,2025-01-07 16:00:00+00:00,Klokkerjordet,0.0,0.0,0.0,0.0
41,S988-X622,623200,2025-01-07 17:00:00+00:00,Klokkerjordet,4.595571041107178,1.0,25.09741620167303,18.31
42,S988-X622,623200,2025-01-07 18:00:00+00:00,Klokkerjordet,6.775043487548828,1.0,25.09741620167303,26.99
43,S988-X622,623200,2025-01-07 19:00:00+00:00,Klokkerjordet,4.5694050788879395,1.0,25.09741620167303,18.21
44,S988-X622,623200,2025-01-07 20:00:00+00:00,Klokkerjordet,0.3742358386516571,1.0,25.09741620167303,1.49
45,S988-X622,623200,2025-01-07 21:00:00+00:00,Klokkerjordet,0.3320697247982025,1.0,25.09741620167303,1.32
46,S988-X622,623200,2025-01-07 22:00:00+00:00,Klokkerjordet,0.33243054151535034,1.0,25.09741620167303,1.32
47,S988-X622,623200,2025-01-07 23:00:00+00:00,Klokkerjordet,0.3328772187232971,1.0,25.09741620167303,1.33
48,S988-X622,623200,2025-01-08 00:00:00+00:00,Klokkerjordet,0.2535002827644348,1.0,25.09741620167303,1.01
49,S988-X622,623200,2025-01-08 01:00:00+00:00,Klokkerjordet,0.0,0.0,0.0,0.0
50,S988-X622,623200,2025-01-08 02:00:00+00:00,Klokkerjordet,0.0,0.0,0.0,0.0
51,S988-X622,623200,2025-01-08 03:00:00+00:00,Klokkerjordet,0.0,0.0,0.0,0.0
52,S988-X622,623200,2025-01-08 04:00:00+00:00,Klokkerjordet,0.0,0.0,0.0,0.0
53,S988-X622,623200,2025-01-08 05:00:00+00:00,Klokkerjordet,0.0,0.0,0.0,0.0
54,S988-X622,623200,2025-01-08 06:00:00+00:00,Klokkerjordet,0.0,0.0,0.0,0.0
55,S988-X622,623200,2025-01-08 07:00:00+00:00,Klokkerjordet,0.0,0.0,0.0,0.0
56,S988-X622,623200,2025-01-08 08:00:00+00:00,Klokkerjordet,0.0,0.0,0.0,0.0
57,S988-X622,623200,2025-01-08 09:00:00+00:00,Klokkerjordet,0.0,0.0,0.0,0.0
58,S988-X622,623200,2025-01-08 10:00:00+00:00,Klokkerjordet,0.0,0.0,0.0,0.0
59,S988-X622,623200,2025-01-08 11:00:00+00:00,Klokkerjordet,0.0,0.0,0.0,0.0
60,S988-X622,623200,2025-01-08 12:00:00+00:00,Klokkerjordet,0.0,0.0,0.0,0.0
61,S988-X622,623200,2025-01-08 13:00:00+00:00,Klokkerjordet,0.0,0.0,0.0,0.0
62,S988-X622,623200,2025-01-08 14:00:00+00:00,Klokkerjordet,0.0,0.0,0.0,0.0
63,S988-X622,623200,2025-01-08 15:00:00+00:00,Klokkerjordet,0.0,0.0,0.0,0.0
64,S988-X622,623200,2025-01-08 16:00:00+00:00,Klokkerjordet,0.0,0.0,0.0,0.0
65,S988-X622,623200,2025-01-08 17:00:00+00:00,Klokkerjordet,0.0,0.0,0.0,0.0
66,S988-X622,623200,2025-01-08 18:00:00+00:00,Klokkerjordet,0.0,0.0,0.0,0.0
67,S988-X622,623200,2025-01-08 19:00:00+00:00,Klokkerjordet,0.0,0.0,0.0,0.0
68,S988-X622,623200,2025-01-08 20:00:00+00:00,Klokkerjordet,2.5355939865112305,1.0,25.09741620167303,10.1
69,S988-X622,623200,2025-01-08 21:00:00+00:00,Klokkerjordet,7.337589740753174,1.0,25.09741620167303,29.24
70,S988-X622,623200,2025-01-08 22:00:00+00:00,Klokkerjordet,7.35036039352417,1.0,25.09741620167303,29.29
71,S988-X622,623200,2025-01-08 23:00:00+00:00,Klokkerjordet,7.378702163696289,1.0,25.09741620167303,29.4
72,S988-X622,623200,2025-01-09 00:00:00+00:00,Klokkerjordet,7.3792243003845215,1.0,25.09741620167303,29.4
73,S988-X622,623200,2025-01-09 01:00:00+00:00,Klokkerjordet,7.307263374328613,1.0,25.09741620167303,29.12
74,S988-X622,623200,2025-01-09 02:00:00+00:00,Klokkerjordet,6.445345878601074,1.0,25.09741620167303,25.68
75,S988-X622,623200,2025-01-09 03:00:00+00:00,Klokkerjordet,4.029404163360596,1.0,25.09741620167303,16.06
76,S988-X622,623200,2025-01-09 04:00:00+00:00,Klokkerjordet,0.0,0.0,0.0,0.0
77,S988-X622,623200,2025-01-09 05:00:00+00:00,Klokkerjordet,0.0,0.0,0.0,0.0
78,S988-X622,623200,2025-01-09 06:00:00+00:00,Klokkerjordet,0.0,0.0,0.0,0.0
79,S988-X622,623200,2025-01-09 07:00:00+00:00,Klokkerjordet,0.0,0.0,0.0,0.0
80,S988-X622,623200,2025-01-09 08:00:00+00:00,Klokkerjordet,0.0,0.0,0.0,0.0
81,S988-X622,623200,2025-01-09 09:00:00+00:00,Klokkerjordet,0.00953916646540165,1.0,25.09741620167303,0.04
82,S988-X622,623200,2025-01-09 10:00:00+00:00,Klokkerjordet,6.134558200836182,2.0,25.09741620167303,24.44
83,S988-X622,623200,2025-01-09 11:00:00+00:00,Klokkerjordet,7.0128655433654785,1.0,25.09741620167303,27.94
84,S988-X622,623200,2025-01-09 12:00:00+00:00,Klokkerjordet,6.401495456695557,1.0,25.09741620167303,25.51
85,S988-X622,623200,2025-01-09 13:00:00+00:00,Klokkerjordet,3.6512868404388428,1.0,25.09741620167303,14.55
86,S988-X622,623200,2025-01-09 14:00:00+00:00,Klokkerjordet,0.33236026763916016,1.0,25.09741620167303,1.32
87,S988-X622,623200,2025-01-09 15:00:00+00:00,Klokkerjordet,0.22747305035591125,1.0,25.09741620167303,0.91
88,S988-X622,623200,2025-01-09 16:00:00+00:00,Klokkerjordet,0.0,0.0,0.0,0.0
89,S988-X622,623200,2025-01-09 17:00:00+00:00,Klokkerjordet,0.0,0.0,0.0,0.0
90,S988-X622,623200,2025-01-09 18:00:00+00:00,Klokkerjordet,0.0,0.0,0.0,0.0
91,S988-X622,623200,2025-01-09 19:00:00+00:00,Klokkerjordet,0.0,0.0,0.0,0.0
92,S988-X622,623200,2025-01-09 20:00:00+00:00,Klokkerjordet,0.0,0.0,0.0,0.0
93,S988-X622,623200,2025-01-09 21:00:00+00:00,Klokkerjordet,0.0,0.0,0.0,0.0
94,S988-X622,623200,2025-01-09 22:00:00+00:00,Klokkerjordet,0.0,0.0,0.0,0.0
95,S988-X622,623200,2025-01-09 23:00:00+00:00,Klokkerjordet,0.0,0.0,0.0,0.0
96,S988-X622,623200,2025-01-10 00:00:00+00:00,Klokkerjordet,0.0,0.0,0.0,0.0
97,S988-X622,623200,2025-01-10 01:00:00+00:00,Klokkerjordet,0.0,0.0,0.0,0.0
98,S988-X622,623200,2025-01-10 02:00:00+00:00,Klokkerjordet,0.0,0.0,0.0,0.0
99,S988-X622,623200,2025-01-10 03:00:00+00:00,Klokkerjordet,0.0,0.0,0.0,0.0
100,S988-X622,623200,2025-01-10 04:00:00+00:00,Klokkerjordet,0.0,0.0,0.0,0.0
101,S988-X622,623200,2025-01-10 05:00:00+00:00,Klokkerjordet,0.0,0.0,0.0,0.0
102,S988-X622,623200,2025-01-10 06:00:00+00:00,Klokkerjordet,0.0,0.0,0.0,0.0
103,S988-X622,623200,2025-01-10 07:00:00+00:00,Klokkerjordet,0.0,0.0,0.0,0.0
104,S988-X622,623200,2025-01-10 08:00:00+00:00,Klokkerjordet,0.0,0.0,0.0,0.0
105,S988-X622,623200,2025-01-10 09:00:00+00:00,Klokkerjordet,0.0,0.0,0.0,0.0
106,S988-X622,623200,2025-01-10 10:00:00+00:00,Klokkerjordet,0.0,0.0,0.0,0.0
107,S988-X622,623200,2025-01-10 11:00:00+00:00,Klokkerjordet,0.0,0.0,0.0,0.0
108,S988-X622,623200,2025-01-10 12:00:00+00:00,Klokkerjordet,0.0,0.0,0.0,0.0
109,S988-X622,623200,2025-01-10 13:00:00+00:00,Klokkerjordet,0.0,0.0,0.0,0.0
110,S988-X622,623200,2025-01-10 14:00:00+00:00,Klokkerjordet,0.0,0.0,0.0,0.0
111,S988-X622,623200,2025-01-10 15:00:00+00:00,Klokkerjordet,0.0,0.0,0.0,0.0
112,S988-X622,623200,2025-01-10 16:00:00+00:00,Klokkerjordet,5.9869256019592285,2.0,25.09741620167303,23.85
113,S988-X622,623200,2025-01-10 17:00:00+00:00,Klokkerjordet,14.27489948272705,2.0,25.09741620167303,56.88
114,S988-X622,623200,2025-01-10 18:00:00+00:00,Klokkerjordet,11.62222146987915,2.0,25.09741620167303,46.31
115,S988-X622,623200,2025-01-10 19:00:00+00:00,Klokkerjordet,5.2662858963012695,1.0,25.09741620167303,20.98
116,S988-X622,623200,2025-01-10 20:00:00+00:00,Klokkerjordet,1.0959283113479614,1.0,25.09741620167303,4.37
117,S988-X622,623200,2025-01-10 21:00:00+00:00,Klokkerjordet,0.3341391682624817,1.0,25.09741620167303,1.33
118,S988-X622,623200,2025-01-10 22:00:00+00:00,Klokkerjordet,0.3349952697753906,1.0,25.09741620167303,1.33
119,S988-X622,623200,2025-01-10 23:00:00+00:00,Klokkerjordet,0.33499640226364136,1.0,25.09741620167303,1.33
120,S988-X622,623200,2025-01-11 00:00:00+00:00,Klokkerjordet,0.33545807003974915,1.0,25.09741620167303,1.34
121,S988-X622,623200,2025-01-11 01:00:00+00:00,Klokkerjordet,0.1760905534029007,1.0,25.09741620167303,0.7
122,S988-X622,623200,2025-01-11 02:00:00+00:00,Klokkerjordet,0.0,0.0,0.0,0.0
123,S988-X622,623200,2025-01-11 03:00:00+00:00,Klokkerjordet,0.0,0.0,0.0,0.0
124,S988-X622,623200,2025-01-11 04:00:00+00:00,Klokkerjordet,0.0,0.0,0.0,0.0
125,S988-X622,623200,2025-01-11 05:00:00+00:00,Klokkerjordet,0.0,0.0,0.0,0.0
126,S988-X622,623200,2025-01-11 06:00:00+00:00,Klokkerjordet,0.0,0.0,0.0,0.0
127,S988-X622,623200,2025-01-11 07:00:00+00:00,Klokkerjordet,0.0,0.0,0.0,0.0
128,S988-X622,623200,2025-01-11 08:00:00+00:00,Klokkerjordet,0.0,0.0,0.0,0.0
129,S988-X622,623200,2025-01-11 09:00:00+00:00,Klokkerjordet,0.0,0.0,0.0,0.0
130,S988-X622,623200,2025-01-11 10:00:00+00:00,Klokkerjordet,0.0,0.0,0.0,0.0
131,S988-X622,623200,2025-01-11 11:00:00+00:00,Klokkerjordet,0.0,0.0,0.0,0.0
132,S988-X622,623200,2025-01-11 12:00:00+00:00,Klokkerjordet,0.0,0.0,0.0,0.0
133,S988-X622,623200,2025-01-11 13:00:00+00:00,Klokkerjordet,0.0,0.0,0.0,0.0
134,S988-X622,623200,2025-01-11 14:00:00+00:00,Klokkerjordet,0.0,0.0,0.0,0.0
135,S988-X622,623200,2025-01-11 15:00:00+00:00,Klokkerjordet,0.0,0.0,0.0,0.0
136,S988-X622,623200,2025-01-11 16:00:00+00:00,Klokkerjordet,0.0,0.0,0.0,0.0
137,S988-X622,623200,2025-01-11 17:00:00+00:00,Klokkerjordet,0.0,0.0,0.0,0.0
138,S988-X622,623200,2025-01-11 18:00:00+00:00,Klokkerjordet,0.0,0.0,0.0,0.0
139,S988-X622,623200,2025-01-11 19:00:00+00:00,Klokkerjordet,0.0,0.0,0.0,0.0
140,S988-X622,623200,2025-01-11 20:00:00+00:00,Klokkerjordet,0.0,0.0,0.0,0.0
141,S988-X622,623200,2025-01-11 21:00:00+00:00,Klokkerjordet,0.0,0.0,0.0,0.0
142,S988-X622,623200,2025-01-11 22:00:00+00:00,Klokkerjordet,0.0,0.0,0.0,0.0
143,S988-X622,623200,2025-01-11 23:00:00+00:00,Klokkerjordet,0.0,0.0,0.0,0.0
144,S988-X622,623200,2025-01-12 00:00:00+00:00,Klokkerjordet,0.0,0.0,0.0,0.0
145,S988-X622,623200,2025-01-12 01:00:00+00:00,Klokkerjordet,0.0,0.0,0.0,0.0
146,S988-X622,623200,2025-01-12 02:00:00+00:00,Klokkerjordet,0.0,0.0,0.0,0.0
147,S988-X622,623200,2025-01-12 03:00:00+00:00,Klokkerjordet,0.0,0.0,0.0,0.0
148,S988-X622,623200,2025-01-12 04:00:00+00:00,Klokkerjordet,0.0,0.0,0.0,0.0
149,S988-X622,623200,2025-01-12 05:00:00+00:00,Klokkerjordet,0.0,0.0,0.0,0.0
150,S988-X622,623200,2025-01-12 06:00:00+00:00,Klokkerjordet,0.0,0.0,0.0,0.0
151,S988-X622,623200,2025-01-12 07:00:00+00:00,Klokkerjordet,0.0,0.0,0.0,0.0
152,S988-X622,623200,2025-01-12 08:00:00+00:00,Klokkerjordet,0.0,0.0,0.0,0.0
153,S988-X622,623200,2025-01-12 09:00:00+00:00,Klokkerjordet,0.3061361014842987,1.0,25.09741620167303,1.22
154,S988-X622,623200,2025-01-12 10:00:00+00:00,Klokkerjordet,7.209304332733154,1.0,25.09741620167303,28.73
155,S988-X622,623200,2025-01-12 11:00:00+00:00,Klokkerjordet,7.209357261657715,1.0,25.09741620167303,28.73
156,S988-X622,623200,2025-01-12 12:00:00+00:00,Klokkerjordet,7.2004618644714355,1.0,25.09741620167303,28.69
157,S988-X622,623200,2025-01-12 13:00:00+00:00,Klokkerjordet,7.1916279792785645,1.0,25.09741620167303,28.65
158,S988-X622,623200,2025-01-12 14:00:00+00:00,Klokkerjordet,7.259064674377441,1.0,25.09741620167303,28.92
159,S988-X622,623200,2025-01-12 15:00:00+00:00,Klokkerjordet,4.798042297363281,1.0,25.09741620167303,19.12
160,S988-X622,623200,2025-01-12 16:00:00+00:00,Klokkerjordet,0.7997841835021973,1.0,25.09741620167303,3.19
161,S988-X622,623200,2025-01-12 17:00:00+00:00,Klokkerjordet,0.0,0.0,0.0,0.0
162,S988-X622,623200,2025-01-12 18:00:00+00:00,Klokkerjordet,0.0,0.0,0.0,0.0
163,S988-X622,623200,2025-01-12 19:00:00+00:00,Klokkerjordet,0.0,0.0,0.0,0.0
164,S988-X622,623200,2025-01-12 20:00:00+00:00,Klokkerjordet,0.0,0.0,0.0,0.0
165,S988-X622,623200,2025-01-12 21:00:00+00:00,Klokkerjordet,0.0,0.0,0.0,0.0
166,S988-X622,623200,2025-01-12 22:00:00+00:00,Klokkerjordet,0.0,0.0,0.0,0.0
167,S988-X622,623200,2025-01-12 23:00:00+00:00,Klokkerjordet,0.0,0.0,0.0,0.0
168,S988-X622,623200,2025-01-13 00:00:00+00:00,Klokkerjordet,0.0,0.0,0.0,0.0
169,S988-X622,623200,2025-01-13 01:00:00+00:00,Klokkerjordet,0.0,0.0,0.0,0.0
170,S988-X622,623200,2025-01-13 02:00:00+00:00,Klokkerjordet,0.0,0.0,0.0,0.0
171,S988-X622,623200,2025-01-13 03:00:00+00:00,Klokkerjordet,0.0,0.0,0.0,0.0
172,S988-X622,623200,2025-01-13 04:00:00+00:00,Klokkerjordet,0.0,0.0,0.0,0.0
173,S988-X622,623200,2025-01-13 05:00:00+00:00,Klokkerjordet,0.0,0.0,0.0,0.0
174,S988-X622,623200,2025-01-13 06:00:00+00:00,Klokkerjordet,0.0,0.0,0.0,0.0
175,S988-X622,623200,2025-01-13 07:00:00+00:00,Klokkerjordet,0.0,0.0,0.0,0.0
176,S988-X622,623200,2025-01-13 08:00:00+00:00,Klokkerjordet,0.0,0.0,0.0,0.0
177,S988-X622,623200,2025-01-13 09:00:00+00:00,Klokkerjordet,0.0,0.0,0.0,0.0
178,S988-X622,623200,2025-01-13 10:00:00+00:00,Klokkerjordet,0.0,0.0,0.0,0.0
179,S988-X622,623200,2025-01-13 11:00:00+00:00,Klokkerjordet,0.0,0.0,0.0,0.0
180,S988-X622,623200,2025-01-13 12:00:00+00:00,Klokkerjordet,0.0,0.0,0.0,0.0
181,S988-X622,623200,2025-01-13 13:00:00+00:00,Klokkerjordet,0.0,0.0,0.0,0.0
182,S988-X622,623200,2025-01-13 14:00:00+00:00,Klokkerjordet,0.0,0.0,0.0,0.0
183,S988-X622,623200,2025-01-13 15:00:00+00:00,Klokkerjordet,0.0,0.0,0.0,0.0
184,S988-X622,623200,2025-01-13 16:00:00+00:00,Klokkerjordet,0.0,0.0,0.0,0.0
185,S988-X622,623200,2025-01-13 17:00:00+00:00,Klokkerjordet,0.0,0.0,0.0,0.0
186,S988-X622,623200,2025-01-13 18:00:00+00:00,Klokkerjordet,0.0,0.0,0.0,0.0
187,S988-X622,623200,2025-01-13 19:00:00+00:00,Klokkerjordet,0.0,0.0,0.0,0.0
188,S988-X622,623200,2025-01-13 20:00:00+00:00,Klokkerjordet,0.0,0.0,0.0,0.0
189,S988-X622,623200,2025-01-13 21:00:00+00:00,Klokkerjordet,3.291534185409546,1.0,25.09741620167303,13.12
190,S988-X622,623200,2025-01-13 22:00:00+00:00,Klokkerjordet,7.0138092041015625,1.0,25.09741620167303,27.95
191,S988-X622,623200,2025-01-13 23:00:00+00:00,Klokkerjordet,5.071317672729492,1.0,25.09741620167303,20.21
192,S988-X622,623200,2025-01-14 00:00:00+00:00,Klokkerjordet,0.48379334807395935,1.0,25.09741620167303,1.93
193,S988-X622,623200,2025-01-14 01:00:00+00:00,Klokkerjordet,0.3322775065898895,1.0,25.09741620167303,1.32
194,S988-X622,623200,2025-01-14 02:00:00+00:00,Klokkerjordet,0.33230748772621155,1.0,25.09741620167303,1.32
195,S988-X622,623200,2025-01-14 03:00:00+00:00,Klokkerjordet,0.33257389068603516,1.0,25.09741620167303,1.33
196,S988-X622,623200,2025-01-14 04:00:00+00:00,Klokkerjordet,0.04338027909398079,1.0,25.09741620167303,0.17
197,S988-X622,623200,2025-01-14 05:00:00+00:00,Klokkerjordet,0.0,0.0,0.0,0.0
198,S988-X622,623200,2025-01-14 06:00:00+00:00,Klokkerjordet,0.0,0.0,0.0,0.0
199,S988-X622,623200,2025-01-14 07:00:00+00:00,Klokkerjordet,0.0,0.0,0.0,0.0
200,S988-X622,623200,2025-01-14 08:00:00+00:00,Klokkerjordet,0.0,0.0,0.0,0.0
201,S988-X622,623200,2025-01-14 09:00:00+00:00,Klokkerjordet,0.0,0.0,0.0,0.0
202,S988-X622,623200,2025-01-14 10:00:00+00:00,Klokkerjordet,0.0,0.0,0.0,0.0
203,S988-X622,623200,2025-01-14 11:00:00+00:00,Klokkerjordet,0.0,0.0,0.0,0.0
204,S988-X622,623200,2025-01-14 12:00:00+00:00,Klokkerjordet,0.0,0.0,0.0,0.0
205,S988-X622,623200,2025-01-14 13:00:00+00:00,Klokkerjordet,0.0,0.0,0.0,0.0
206,S988-X622,623200,2025-01-14 14:00:00+00:00,Klokkerjordet,0.0,0.0,0.0,0.0
207,S988-X622,623200,2025-01-14 15:00:00+00:00,Klokkerjordet,0.07425528019666672,1.0,25.09741620167303,0.3
208,S988-X622,623200,2025-01-14 16:00:00+00:00,Klokkerjordet,0.13709944486618042,1.0,25.09741620167303,0.55
209,S988-X622,623200,2025-01-14 17:00:00+00:00,Klokkerjordet,3.368587017059326,1.0,25.09741620167303,13.42
210,S988-X622,623200,2025-01-14 18:00:00+00:00,Klokkerjordet,7.269654273986816,1.0,25.09741620167303,28.97
211,S988-X622,623200,2025-01-14 19:00:00+00:00,Klokkerjordet,7.223621368408203,1.0,25.09741620167303,28.78
212,S988-X622,623200,2025-01-14 20:00:00+00:00,Klokkerjordet,7.242090225219727,1.0,25.09741620167303,28.86
213,S988-X622,623200,2025-01-14 21:00:00+00:00,Klokkerjordet,7.039658069610596,1.0,25.09741620167303,28.05
214,S988-X622,623200,2025-01-14 22:00:00+00:00,Klokkerjordet,0.0,0.0,0.0,0.0
215,S988-X622,623200,2025-01-14 23:00:00+00:00,Klokkerjordet,0.0,0.0,0.0,0.0
216,S988-X622,623200,2025-01-15 00:00:00+00:00,Klokkerjordet,0.0,0.0,0.0,0.0
217,S988-X622,623200,2025-01-15 01:00:00+00:00,Klokkerjordet,0.0,0.0,0.0,0.0
218,S988-X622,623200,2025-01-15 02:00:00+00:00,Klokkerjordet,0.0,0.0,0.0,0.0
219,S988-X622,623200,2025-01-15 03:00:00+00:00,Klokkerjordet,0.0,0.0,0.0,0.0
220,S988-X622,623200,2025-01-15 04:00:00+00:00,Klokkerjordet,0.0,0.0,0.0,0.0
221,S988-X622,623200,2025-01-15 05:00:00+00:00,Klokkerjordet,0.0,0.0,0.0,0.0
222,S988-X622,623200,2025-01-15 06:00:00+00:00,Klokkerjordet,0.0,0.0,0.0,0.0
223,S988-X622,623200,2025-01-15 07:00:00+00:00,Klokkerjordet,1.2141633480787277,2.0,25.09741620167303,4.84
224,S988-X622,623200,2025-01-15 08:00:00+00:00,Klokkerjordet,0.0,0.0,0.0,0.0
225,S988-X622,623200,2025-01-15 09:00:00+00:00,Klokkerjordet,0.0,0.0,0.0,0.0
226,S988-X622,623200,2025-01-15 10:00:00+00:00,Klokkerjordet,0.0,0.0,0.0,0.0
227,S988-X622,623200,2025-01-15 11:00:00+00:00,Klokkerjordet,0.0,0.0,0.0,0.0
228,S988-X622,623200,2025-01-15 12:00:00+00:00,Klokkerjordet,0.0,0.0,0.0,0.0
229,S988-X622,623200,2025-01-15 13:00:00+00:00,Klokkerjordet,0.0,0.0,0.0,0.0
230,S988-X622,623200,2025-01-15 14:00:00+00:00,Klokkerjordet,0.0,0.0,0.0,0.0
231,S988-X622,623200,2025-01-15 15:00:00+00:00,Klokkerjordet,0.0,0.0,0.0,0.0
232,S988-X622,623200,2025-01-15 16:00:00+00:00,Klokkerjordet,0.0,0.0,0.0,0.0
233,S988-X622,623200,2025-01-15 17:00:00+00:00,Klokkerjordet,0.0,0.0,0.0,0.0
234,S988-X622,623200,2025-01-15 18:00:00+00:00,Klokkerjordet,0.0,0.0,0.0,0.0
235,S988-X622,623200,2025-01-15 19:00:00+00:00,Klokkerjordet,0.0,0.0,0.0,0.0
236,S988-X622,623200,2025-01-15 20:00:00+00:00,Klokkerjordet,0.0,0.0,0.0,0.0
237,S988-X622,623200,2025-01-15 21:00:00+00:00,Klokkerjordet,0.0,0.0,0.0,0.0
238,S988-X622,623200,2025-01-15 22:00:00+00:00,Klokkerjordet,0.0,0.0,0.0,0.0
239,S988-X622,623200,2025-01-15 23:00:00+00:00,Klokkerjordet,0.0,0.0,0.0,0.0
240,S988-X622,623200,2025-01-16 00:00:00+00:00,Klokkerjordet,0.0,0.0,0.0,0.0
241,S988-X622,623200,2025-01-16 01:00:00+00:00,Klokkerjordet,0.0,0.0,0.0,0.0
242,S988-X622,623200,2025-01-16 02:00:00+00:00,Klokkerjordet,0.0,0.0,0.0,0.0
243,S988-X622,623200,2025-01-16 03:00:00+00:00,Klokkerjordet,0.0,0.0,0.0,0.0
244,S988-X622,623200,2025-01-16 04:00:00+00:00,Klokkerjordet,0.0,0.0,0.0,0.0
245,S988-X622,623200,2025-01-16 05:00:00+00:00,Klokkerjordet,0.0,0.0,0.0,0.0
246,S988-X622,623200,2025-01-16 06:00:00+00:00,Klokkerjordet,0.0,0.0,0.0,0.0
247,S988-X622,623200,2025-01-16 07:00:00+00:00,Klokkerjordet,0.0,0.0,0.0,0.0
248,S988-X622,623200,2025-01-16 08:00:00+00:00,Klokkerjordet,0.0,0.0,0.0,0.0
249,S988-X622,623200,2025-01-16 09:00:00+00:00,Klokkerjordet,0.0,0.0,0.0,0.0
250,S988-X622,623200,2025-01-16 10:00:00+00:00,Klokkerjordet,0.0,0.0,0.0,0.0
251,S988-X622,623200,2025-01-16 11:00:00+00:00,Klokkerjordet,0.0,0.0,0.0,0.0
252,S988-X622,623200,2025-01-16 12:00:00+00:00,Klokkerjordet,0.0,0.0,0.0,0.0
253,S988-X622,623200,2025-01-16 13:00:00+00:00,Klokkerjordet,5.076414585113525,1.0,25.09741620167303,20.23
254,S988-X622,623200,2025-01-16 14:00:00+00:00,Klokkerjordet,7.328924655914307,1.0,25.09741620167303,29.2
255,S988-X622,623200,2025-01-16 15:00:00+00:00,Klokkerjordet,7.833809316158295,2.0,25.09741620167303,31.21
256,S988-X622,623200,2025-01-16 16:00:00+00:00,Klokkerjordet,18.575109481811523,3.0,25.09741620167303,74.01
257,S988-X622,623200,2025-01-16 17:00:00+00:00,Klokkerjordet,20.756701946258545,4.0,25.09741620167303,82.7
258,S988-X622,623200,2025-01-16 18:00:00+00:00,Klokkerjordet,19.422827005386353,4.0,25.09741620167303,77.39
259,S988-X622,623200,2025-01-16 19:00:00+00:00,Klokkerjordet,9.699109435081482,3.0,25.09741620167303,38.65
260,S988-X622,623200,2025-01-16 20:00:00+00:00,Klokkerjordet,9.469560652971268,3.0,25.09741620167303,37.73
261,S988-X622,623200,2025-01-16 21:00:00+00:00,Klokkerjordet,8.866631478071213,3.0,25.09741620167303,35.33
262,S988-X622,623200,2025-01-16 22:00:00+00:00,Klokkerjordet,7.54433012008667,2.0,25.09741620167303,30.06
263,S988-X622,623200,2025-01-16 23:00:00+00:00,Klokkerjordet,7.291805654764175,2.0,25.09741620167303,29.05
264,S988-X622,623200,2025-01-17 00:00:00+00:00,Klokkerjordet,7.24917459487915,1.0,25.09741620167303,28.88
265,S988-X622,623200,2025-01-17 01:00:00+00:00,Klokkerjordet,7.267551898956299,1.0,25.09741620167303,28.96
266,S988-X622,623200,2025-01-17 02:00:00+00:00,Klokkerjordet,4.096678733825684,1.0,25.09741620167303,16.32
267,S988-X622,623200,2025-01-17 03:00:00+00:00,Klokkerjordet,0.0,0.0,0.0,0.0
268,S988-X622,623200,2025-01-17 04:00:00+00:00,Klokkerjordet,0.0,0.0,0.0,0.0
269,S988-X622,623200,2025-01-17 05:00:00+00:00,Klokkerjordet,0.0,0.0,0.0,0.0
270,S988-X622,623200,2025-01-17 06:00:00+00:00,Klokkerjordet,0.13192249601706862,2.0,25.09741620167303,0.53
271,S988-X622,623200,2025-01-17 07:00:00+00:00,Klokkerjordet,0.40501055121421814,2.0,25.09741620167303,1.61
272,S988-X622,623200,2025-01-17 08:00:00+00:00,Klokkerjordet,0.010710555128753185,1.0,25.09741620167303,0.04
273,S988-X622,623200,2025-01-17 09:00:00+00:00,Klokkerjordet,0.0,0.0,0.0,0.0
274,S988-X622,623200,2025-01-17 10:00:00+00:00,Klokkerjordet,0.0,0.0,0.0,0.0
275,S988-X622,623200,2025-01-17 11:00:00+00:00,Klokkerjordet,0.0,0.0,0.0,0.0
276,S988-X622,623200,2025-01-17 12:00:00+00:00,Klokkerjordet,0.0,0.0,0.0,0.0
277,S988-X622,623200,2025-01-17 13:00:00+00:00,Klokkerjordet,0.0,0.0,0.0,0.0
278,S988-X622,623200,2025-01-17 14:00:00+00:00,Klokkerjordet,0.0,0.0,0.0,0.0
279,S988-X622,623200,2025-01-17 15:00:00+00:00,Klokkerjordet,0.0,0.0,0.0,0.0
280,S988-X622,623200,2025-01-17 16:00:00+00:00,Klokkerjordet,1.5576242208480835,1.0,25.09741620167303,6.21
281,S988-X622,623200,2025-01-17 17:00:00+00:00,Klokkerjordet,7.181195259094238,1.0,25.09741620167303,28.61
282,S988-X622,623200,2025-01-17 18:00:00+00:00,Klokkerjordet,9.425270795822144,2.0,25.09741620167303,37.55
283,S988-X622,623200,2025-01-17 19:00:00+00:00,Klokkerjordet,13.95623779296875,2.0,25.09741620167303,55.61
284,S988-X622,623200,2025-01-17 20:00:00+00:00,Klokkerjordet,13.914329051971436,2.0,25.09741620167303,55.44
285,S988-X622,623200,2025-01-17 21:00:00+00:00,Klokkerjordet,11.375645637512207,2.0,25.09741620167303,45.33
286,S988-X622,623200,2025-01-17 22:00:00+00:00,Klokkerjordet,0.34045751206576824,2.0,25.09741620167303,1.36
287,S988-X622,623200,2025-01-17 23:00:00+00:00,Klokkerjordet,0.3189033269882202,1.0,25.09741620167303,1.27
288,S988-X622,623200,2025-01-18 00:00:00+00:00,Klokkerjordet,0.31906360387802124,1.0,25.09741620167303,1.27
289,S988-X622,623200,2025-01-18 01:00:00+00:00,Klokkerjordet,0.10215138643980026,1.0,25.09741620167303,0.41
290,S988-X622,623200,2025-01-18 02:00:00+00:00,Klokkerjordet,0.0,0.0,0.0,0.0
291,S988-X622,623200,2025-01-18 03:00:00+00:00,Klokkerjordet,0.0,0.0,0.0,0.0
292,S988-X622,623200,2025-01-18 04:00:00+00:00,Klokkerjordet,0.0,0.0,0.0,0.0
293,S988-X622,623200,2025-01-18 05:00:00+00:00,Klokkerjordet,0.0,0.0,0.0,0.0
294,S988-X622,623200,2025-01-18 06:00:00+00:00,Klokkerjordet,0.0,0.0,0.0,0.0
295,S988-X622,623200,2025-01-18 07:00:00+00:00,Klokkerjordet,0.0,0.0,0.0,0.0
296,S988-X622,623200,2025-01-18 08:00:00+00:00,Klokkerjordet,0.0,0.0,0.0,0.0
297,S988-X622,623200,2025-01-18 09:00:00+00:00,Klokkerjordet,0.0,0.0,0.0,0.0
298,S988-X622,623200,2025-01-18 10:00:00+00:00,Klokkerjordet,0.0,0.0,0.0,0.0
299,S988-X622,623200,2025-01-18 11:00:00+00:00,Klokkerjordet,0.0,0.0,0.0,0.0
300,S988-X622,623200,2025-01-18 12:00:00+00:00,Klokkerjordet,0.0,0.0,0.0,0.0
301,S988-X622,623200,2025-01-18 13:00:00+00:00,Klokkerjordet,0.0,0.0,0.0,0.0
302,S988-X622,623200,2025-01-18 14:00:00+00:00,Klokkerjordet,0.0,0.0,0.0,0.0
303,S988-X622,623200,2025-01-18 15:00:00+00:00,Klokkerjordet,0.0,0.0,0.0,0.0
304,S988-X622,623200,2025-01-18 16:00:00+00:00,Klokkerjordet,0.0,0.0,0.0,0.0
305,S988-X622,623200,2025-01-18 17:00:00+00:00,Klokkerjordet,0.0,0.0,0.0,0.0
306,S988-X622,623200,2025-01-18 18:00:00+00:00,Klokkerjordet,0.0,0.0,0.0,0.0
307,S988-X622,623200,2025-01-18 19:00:00+00:00,Klokkerjordet,3.391036033630371,1.0,25.09741620167303,13.51
308,S988-X622,623200,2025-01-18 20:00:00+00:00,Klokkerjordet,7.194504261016846,1.0,25.09741620167303,28.67
309,S988-X622,623200,2025-01-18 21:00:00+00:00,Klokkerjordet,7.198842525482178,1.0,25.09741620167303,28.68
310,S988-X622,623200,2025-01-18 22:00:00+00:00,Klokkerjordet,7.187349319458008,1.0,25.09741620167303,28.64
311,S988-X622,623200,2025-01-18 23:00:00+00:00,Klokkerjordet,7.197911739349365,1.0,25.09741620167303,28.68
312,S988-X622,623200,2025-01-19 00:00:00+00:00,Klokkerjordet,1.083240032196045,1.0,25.09741620167303,4.32
313,S988-X622,623200,2025-01-19 01:00:00+00:00,Klokkerjordet,1.0639336109161377,1.0,25.09741620167303,4.24
314,S988-X622,623200,2025-01-19 02:00:00+00:00,Klokkerjordet,7.245179653167725,1.0,25.09741620167303,28.87
315,S988-X622,623200,2025-01-19 03:00:00+00:00,Klokkerjordet,7.25410270690918,1.0,25.09741620167303,28.9
316,S988-X622,623200,2025-01-19 04:00:00+00:00,Klokkerjordet,0.5258230566978455,1.0,25.09741620167303,2.1
317,S988-X622,623200,2025-01-19 05:00:00+00:00,Klokkerjordet,0.0,0.0,0.0,0.0
318,S988-X622,623200,2025-01-19 06:00:00+00:00,Klokkerjordet,0.0,0.0,0.0,0.0
319,S988-X622,623200,2025-01-19 07:00:00+00:00,Klokkerjordet,0.0,0.0,0.0,0.0
320,S988-X622,623200,2025-01-19 08:00:00+00:00,Klokkerjordet,0.0,0.0,0.0,0.0
321,S988-X622,623200,2025-01-19 09:00:00+00:00,Klokkerjordet,0.0,0.0,0.0,0.0
322,S988-X622,623200,2025-01-19 10:00:00+00:00,Klokkerjordet,0.0,0.0,0.0,0.0
323,S988-X622,623200,2025-01-19 11:00:00+00:00,Klokkerjordet,0.0,0.0,0.0,0.0
324,S988-X622,623200,2025-01-19 12:00:00+00:00,Klokkerjordet,0.0,0.0,0.0,0.0
325,S988-X622,623200,2025-01-19 13:00:00+00:00,Klokkerjordet,0.0,0.0,0.0,0.0
326,S988-X622,623200,2025-01-19 14:00:00+00:00,Klokkerjordet,0.0,0.0,0.0,0.0
327,S988-X622,623200,2025-01-19 15:00:00+00:00,Klokkerjordet,0.0,0.0,0.0,0.0
328,S988-X622,623200,2025-01-19 16:00:00+00:00,Klokkerjordet,0.0,0.0,0.0,0.0
329,S988-X622,623200,2025-01-19 17:00:00+00:00,Klokkerjordet,0.0,0.0,0.0,0.0
330,S988-X622,623200,2025-01-19 18:00:00+00:00,Klokkerjordet,0.0,0.0,0.0,0.0
331,S988-X622,623200,2025-01-19 19:00:00+00:00,Klokkerjordet,0.0,0.0,0.0,0.0
332,S988-X622,623200,2025-01-19 20:00:00+00:00,Klokkerjordet,0.9286447167396545,1.0,25.09741620167303,3.7
333,S988-X622,623200,2025-01-19 21:00:00+00:00,Klokkerjordet,7.196027755737305,1.0,25.09741620167303,28.67
334,S988-X622,623200,2025-01-19 22:00:00+00:00,Klokkerjordet,7.214537620544434,1.0,25.09741620167303,28.75
335,S988-X622,623200,2025-01-19 23:00:00+00:00,Klokkerjordet,1.8274116516113281,1.0,25.09741620167303,7.28
336,S988-X622,623200,2025-01-20 00:00:00+00:00,Klokkerjordet,0.0,0.0,0.0,0.0
337,S988-X622,623200,2025-01-20 01:00:00+00:00,Klokkerjordet,0.0,0.0,0.0,0.0
338,S988-X622,623200,2025-01-20 02:00:00+00:00,Klokkerjordet,0.0,0.0,0.0,0.0
339,S988-X622,623200,2025-01-20 03:00:00+00:00,Klokkerjordet,0.0,0.0,0.0,0.0
340,S988-X622,623200,2025-01-20 04:00:00+00:00,Klokkerjordet,0.0,0.0,0.0,0.0
341,S988-X622,623200,2025-01-20 05:00:00+00:00,Klokkerjordet,0.0,0.0,0.0,0.0
342,S988-X622,623200,2025-01-20 06:00:00+00:00,Klokkerjordet,0.0011533333454281092,1.0,25.09741620167303,0.0
343,S988-X622,623200,2025-01-20 07:00:00+00:00,Klokkerjordet,0.0,0.0,0.0,0.0
344,S988-X622,623200,2025-01-20 08:00:00+00:00,Klokkerjordet,0.0,0.0,0.0,0.0
345,S988-X622,623200,2025-01-20 09:00:00+00:00,Klokkerjordet,0.0,0.0,0.0,0.0
346,S988-X622,623200,2025-01-20 10:00:00+00:00,Klokkerjordet,0.0,0.0,0.0,0.0
347,S988-X622,623200,2025-01-20 11:00:00+00:00,Klokkerjordet,0.0,0.0,0.0,0.0
348,S988-X622,623200,2025-01-20 12:00:00+00:00,Klokkerjordet,0.0,0.0,0.0,0.0
349,S988-X622,623200,2025-01-20 13:00:00+00:00,Klokkerjordet,0.0,0.0,0.0,0.0
350,S988-X622,623200,2025-01-20 14:00:00+00:00,Klokkerjordet,0.0,0.0,0.0,0.0
351,S988-X622,623200,2025-01-20 15:00:00+00:00,Klokkerjordet,0.0,0.0,0.0,0.0
352,S988-X622,623200,2025-01-20 16:00:00+00:00,Klokkerjordet,3.141838788986206,1.0,25.09741620167303,12.52
353,S988-X622,623200,2025-01-20 17:00:00+00:00,Klokkerjordet,6.993602275848389,1.0,25.09741620167303,27.87
354,S988-X622,623200,2025-01-20 18:00:00+00:00,Klokkerjordet,6.990955352783203,1.0,25.09741620167303,27.86
355,S988-X622,623200,2025-01-20 19:00:00+00:00,Klokkerjordet,5.524932861328125,1.0,25.09741620167303,22.01
356,S988-X622,623200,2025-01-20 20:00:00+00:00,Klokkerjordet,0.5235961079597473,1.0,25.09741620167303,2.09
357,S988-X622,623200,2025-01-20 21:00:00+00:00,Klokkerjordet,0.331018328666687,1.0,25.09741620167303,1.32
358,S988-X622,623200,2025-01-20 22:00:00+00:00,Klokkerjordet,0.3318994343280792,1.0,25.09741620167303,1.32
359,S988-X622,623200,2025-01-20 23:00:00+00:00,Klokkerjordet,0.33260610699653625,1.0,25.09741620167303,1.33
360,S988-X622,623200,2025-01-21 00:00:00+00:00,Klokkerjordet,0.0635741651058197,1.0,25.09741620167303,0.25
361,S988-X622,623200,2025-01-21 01:00:00+00:00,Klokkerjordet,0.0,0.0,0.0,0.0
362,S988-X622,623200,2025-01-21 02:00:00+00:00,Klokkerjordet,0.0,0.0,0.0,0.0
363,S988-X622,623200,2025-01-21 03:00:00+00:00,Klokkerjordet,0.0,0.0,0.0,0.0
364,S988-X622,623200,2025-01-21 04:00:00+00:00,Klokkerjordet,0.0,0.0,0.0,0.0
365,S988-X622,623200,2025-01-21 05:00:00+00:00,Klokkerjordet,0.0,0.0,0.0,0.0
366,S988-X622,623200,2025-01-21 06:00:00+00:00,Klokkerjordet,0.0,0.0,0.0,0.0
367,S988-X622,623200,2025-01-21 07:00:00+00:00,Klokkerjordet,0.0,0.0,0.0,0.0
368,S988-X622,623200,2025-01-21 08:00:00+00:00,Klokkerjordet,0.0,0.0,0.0,0.0
369,S988-X622,623200,2025-01-21 09:00:00+00:00,Klokkerjordet,0.0,0.0,0.0,0.0
370,S988-X622,623200,2025-01-21 10:00:00+00:00,Klokkerjordet,0.056391943246126175,1.0,25.09741620167303,0.22
371,S988-X622,623200,2025-01-21 11:00:00+00:00,Klokkerjordet,0.0,0.0,0.0,0.0
372,S988-X622,623200,2025-01-21 12:00:00+00:00,Klokkerjordet,0.0,0.0,0.0,0.0
373,S988-X622,623200,2025-01-21 13:00:00+00:00,Klokkerjordet,0.0,0.0,0.0,0.0
374,S988-X622,623200,2025-01-21 14:00:00+00:00,Klokkerjordet,0.0,0.0,0.0,0.0
375,S988-X622,623200,2025-01-21 15:00:00+00:00,Klokkerjordet,0.0,0.0,0.0,0.0
376,S988-X622,623200,2025-01-21 16:00:00+00:00,Klokkerjordet,1.8406919240951538,1.0,25.09741620167303,7.33
377,S988-X622,623200,2025-01-21 17:00:00+00:00,Klokkerjordet,7.128593444824219,1.0,25.09741620167303,28.4
378,S988-X622,623200,2025-01-21 18:00:00+00:00,Klokkerjordet,2.6553083658218384,2.0,25.09741620167303,10.58
379,S988-X622,623200,2025-01-21 19:00:00+00:00,Klokkerjordet,9.007834911346436,2.0,25.09741620167303,35.89
380,S988-X622,623200,2025-01-21 20:00:00+00:00,Klokkerjordet,14.56421947479248,2.0,25.09741620167303,58.03
381,S988-X622,623200,2025-01-21 21:00:00+00:00,Klokkerjordet,21.271292686462402,3.0,25.09741620167303,84.75
382,S988-X622,623200,2025-01-21 22:00:00+00:00,Klokkerjordet,21.446933269500732,3.0,25.09741620167303,85.45
383,S988-X622,623200,2025-01-21 23:00:00+00:00,Klokkerjordet,21.49929428100586,3.0,25.09741620167303,85.66
384,S988-X622,623200,2025-01-22 00:00:00+00:00,Klokkerjordet,21.501160621643066,3.0,25.09741620167303,85.67
385,S988-X622,623200,2025-01-22 01:00:00+00:00,Klokkerjordet,18.456905364990234,3.0,25.09741620167303,73.54
386,S988-X622,623200,2025-01-22 02:00:00+00:00,Klokkerjordet,7.5659672021865845,2.0,25.09741620167303,30.15
387,S988-X622,623200,2025-01-22 03:00:00+00:00,Klokkerjordet,6.94053840637207,1.0,25.09741620167303,27.65
388,S988-X622,623200,2025-01-22 04:00:00+00:00,Klokkerjordet,1.0846283435821533,1.0,25.09741620167303,4.32
389,S988-X622,623200,2025-01-22 05:00:00+00:00,Klokkerjordet,0.0,0.0,0.0,0.0
390,S988-X622,623200,2025-01-22 06:00:00+00:00,Klokkerjordet,0.0,0.0,0.0,0.0
391,S988-X622,623200,2025-01-22 07:00:00+00:00,Klokkerjordet,1.1176677942276,2.0,25.09741620167303,4.45
392,S988-X622,623200,2025-01-22 08:00:00+00:00,Klokkerjordet,0.0,0.0,0.0,0.0
393,S988-X622,623200,2025-01-22 09:00:00+00:00,Klokkerjordet,0.0,0.0,0.0,0.0
394,S988-X622,623200,2025-01-22 10:00:00+00:00,Klokkerjordet,3.784281015396118,1.0,25.09741620167303,15.08
395,S988-X622,623200,2025-01-22 11:00:00+00:00,Klokkerjordet,6.989775657653809,1.0,25.09741620167303,27.85
396,S988-X622,623200,2025-01-22 12:00:00+00:00,Klokkerjordet,5.7534637451171875,1.0,25.09741620167303,22.92
397,S988-X622,623200,2025-01-22 13:00:00+00:00,Klokkerjordet,1.0920658111572266,1.0,25.09741620167303,4.35
398,S988-X622,623200,2025-01-22 14:00:00+00:00,Klokkerjordet,0.33088722825050354,1.0,25.09741620167303,1.32
399,S988-X622,623200,2025-01-22 15:00:00+00:00,Klokkerjordet,0.15452000498771667,1.0,25.09741620167303,0.62
400,S988-X622,623200,2025-01-22 16:00:00+00:00,Klokkerjordet,0.0,0.0,0.0,0.0
401,S988-X622,623200,2025-01-22 17:00:00+00:00,Klokkerjordet,0.0,0.0,0.0,0.0
402,S988-X622,623200,2025-01-22 18:00:00+00:00,Klokkerjordet,0.0,0.0,0.0,0.0
403,S988-X622,623200,2025-01-22 19:00:00+00:00,Klokkerjordet,0.0,0.0,0.0,0.0
404,S988-X622,623200,2025-01-22 20:00:00+00:00,Klokkerjordet,0.0,0.0,0.0,0.0
405,S988-X622,623200,2025-01-22 21:00:00+00:00,Klokkerjordet,0.0,0.0,0.0,0.0
406,S988-X622,623200,2025-01-22 22:00:00+00:00,Klokkerjordet,0.0,0.0,0.0,0.0
407,S988-X622,623200,2025-01-22 23:00:00+00:00,Klokkerjordet,0.0,0.0,0.0,0.0
408,S988-X622,623200,2025-01-23 00:00:00+00:00,Klokkerjordet,0.0,0.0,0.0,0.0
409,S988-X622,623200,2025-01-23 01:00:00+00:00,Klokkerjordet,0.0,0.0,0.0,0.0
410,S988-X622,623200,2025-01-23 02:00:00+00:00,Klokkerjordet,0.0,0.0,0.0,0.0
411,S988-X622,623200,2025-01-23 03:00:00+00:00,Klokkerjordet,0.0,0.0,0.0,0.0
412,S988-X622,623200,2025-01-23 04:00:00+00:00,Klokkerjordet,0.0,0.0,0.0,0.0
413,S988-X622,623200,2025-01-23 05:00:00+00:00,Klokkerjordet,0.0,0.0,0.0,0.0
414,S988-X622,623200,2025-01-23 06:00:00+00:00,Klokkerjordet,0.0,0.0,0.0,0.0
415,S988-X622,623200,2025-01-23 07:00:00+00:00,Klokkerjordet,0.0,0.0,0.0,0.0
416,S988-X622,623200,2025-01-23 08:00:00+00:00,Klokkerjordet,0.0,0.0,0.0,0.0
417,S988-X622,623200,2025-01-23 09:00:00+00:00,Klokkerjordet,0.0,0.0,0.0,0.0
418,S988-X622,623200,2025-01-23 10:00:00+00:00,Klokkerjordet,0.0,0.0,0.0,0.0
419,S988-X622,623200,2025-01-23 11:00:00+00:00,Klokkerjordet,0.0,0.0,0.0,0.0
420,S988-X622,623200,2025-01-23 12:00:00+00:00,Klokkerjordet,0.0,0.0,0.0,0.0
421,S988-X622,623200,2025-01-23 13:00:00+00:00,Klokkerjordet,0.0,0.0,0.0,0.0
422,S988-X622,623200,2025-01-23 14:00:00+00:00,Klokkerjordet,0.0,0.0,0.0,0.0
423,S988-X622,623200,2025-01-23 15:00:00+00:00,Klokkerjordet,0.0,0.0,0.0,0.0
424,S988-X622,623200,2025-01-23 16:00:00+00:00,Klokkerjordet,0.0,0.0,0.0,0.0
425,S988-X622,623200,2025-01-23 17:00:00+00:00,Klokkerjordet,0.0,0.0,0.0,0.0
426,S988-X622,623200,2025-01-23 18:00:00+00:00,Klokkerjordet,0.0,0.0,0.0,0.0
427,S988-X622,623200,2025-01-23 19:00:00+00:00,Klokkerjordet,0.0,0.0,0.0,0.0
428,S988-X622,623200,2025-01-23 20:00:00+00:00,Klokkerjordet,0.0,0.0,0.0,0.0
429,S988-X622,623200,2025-01-23 21:00:00+00:00,Klokkerjordet,0.0,0.0,0.0,0.0
430,S988-X622,623200,2025-01-23 22:00:00+00:00,Klokkerjordet,0.0,0.0,0.0,0.0
431,S988-X622,623200,2025-01-23 23:00:00+00:00,Klokkerjordet,0.0,0.0,0.0,0.0
432,S988-X622,623200,2025-01-24 00:00:00+00:00,Klokkerjordet,0.0,0.0,0.0,0.0
433,S988-X622,623200,2025-01-24 01:00:00+00:00,Klokkerjordet,0.0,0.0,0.0,0.0
434,S988-X622,623200,2025-01-24 02:00:00+00:00,Klokkerjordet,0.0,0.0,0.0,0.0
435,S988-X622,623200,2025-01-24 03:00:00+00:00,Klokkerjordet,0.0,0.0,0.0,0.0
436,S988-X622,623200,2025-01-24 04:00:00+00:00,Klokkerjordet,0.0,0.0,0.0,0.0
437,S988-X622,623200,2025-01-24 05:00:00+00:00,Klokkerjordet,0.0,0.0,0.0,0.0
438,S988-X622,623200,2025-01-24 06:00:00+00:00,Klokkerjordet,0.0,0.0,0.0,0.0
439,S988-X622,623200,2025-01-24 07:00:00+00:00,Klokkerjordet,0.0,0.0,0.0,0.0
440,S988-X622,623200,2025-01-24 08:00:00+00:00,Klokkerjordet,0.0,0.0,0.0,0.0
441,S988-X622,623200,2025-01-24 09:00:00+00:00,Klokkerjordet,0.0,0.0,0.0,0.0
442,S988-X622,623200,2025-01-24 10:00:00+00:00,Klokkerjordet,0.0,0.0,0.0,0.0
443,S988-X622,623200,2025-01-24 11:00:00+00:00,Klokkerjordet,0.0,0.0,0.0,0.0
444,S988-X622,623200,2025-01-24 12:00:00+00:00,Klokkerjordet,0.0,0.0,0.0,0.0
445,S988-X622,623200,2025-01-24 13:00:00+00:00,Klokkerjordet,0.0,0.0,0.0,0.0
446,S988-X622,623200,2025-01-24 14:00:00+00:00,Klokkerjordet,7.26555871963501,1.0,25.09741620167303,28.95
447,S988-X622,623200,2025-01-24 15:00:00+00:00,Klokkerjordet,7.2482428550720215,1.0,25.09741620167303,28.88
448,S988-X622,623200,2025-01-24 16:00:00+00:00,Klokkerjordet,2.4868767261505127,1.0,25.09741620167303,9.91
449,S988-X622,623200,2025-01-24 17:00:00+00:00,Klokkerjordet,0.0,0.0,0.0,0.0
450,S988-X622,623200,2025-01-24 18:00:00+00:00,Klokkerjordet,6.744438171386719,1.0,25.09741620167303,26.87
451,S988-X622,623200,2025-01-24 19:00:00+00:00,Klokkerjordet,6.997991561889648,1.0,25.09741620167303,27.88
452,S988-X622,623200,2025-01-24 20:00:00+00:00,Klokkerjordet,6.665546417236328,1.0,25.09741620167303,26.56
453,S988-X622,623200,2025-01-24 21:00:00+00:00,Klokkerjordet,2.543025016784668,1.0,25.09741620167303,10.13
454,S988-X622,623200,2025-01-24 22:00:00+00:00,Klokkerjordet,0.3321855664253235,1.0,25.09741620167303,1.32
455,S988-X622,623200,2025-01-24 23:00:00+00:00,Klokkerjordet,0.33270221948623663,1.0,25.09741620167303,1.33
456,S988-X622,623200,2025-01-25 00:00:00+00:00,Klokkerjordet,0.3329572081565857,1.0,25.09741620167303,1.33
457,S988-X622,623200,2025-01-25 01:00:00+00:00,Klokkerjordet,0.266952782869339,1.0,25.09741620167303,1.06
458,S988-X622,623200,2025-01-25 02:00:00+00:00,Klokkerjordet,0.0,0.0,0.0,0.0
459,S988-X622,623200,2025-01-25 03:00:00+00:00,Klokkerjordet,0.0,0.0,0.0,0.0
460,S988-X622,623200,2025-01-25 04:00:00+00:00,Klokkerjordet,0.0,0.0,0.0,0.0
461,S988-X622,623200,2025-01-25 05:00:00+00:00,Klokkerjordet,0.0,0.0,0.0,0.0
462,S988-X622,623200,2025-01-25 06:00:00+00:00,Klokkerjordet,0.0,0.0,0.0,0.0
463,S988-X622,623200,2025-01-25 07:00:00+00:00,Klokkerjordet,0.0,0.0,0.0,0.0
464,S988-X622,623200,2025-01-25 08:00:00+00:00,Klokkerjordet,0.0,0.0,0.0,0.0
465,S988-X622,623200,2025-01-25 09:00:00+00:00,Klokkerjordet,4.147836208343506,1.0,25.09741620167303,16.53
466,S988-X622,623200,2025-01-25 10:00:00+00:00,Klokkerjordet,7.198875904083252,1.0,25.09741620167303,28.68
467,S988-X622,623200,2025-01-25 11:00:00+00:00,Klokkerjordet,7.231549263000488,1.0,25.09741620167303,28.81
468,S988-X622,623200,2025-01-25 12:00:00+00:00,Klokkerjordet,7.240670204162598,1.0,25.09741620167303,28.85
469,S988-X622,623200,2025-01-25 13:00:00+00:00,Klokkerjordet,7.230260780197568,2.0,25.09741620167303,28.81
470,S988-X622,623200,2025-01-25 14:00:00+00:00,Klokkerjordet,4.1269965171813965,1.0,25.09741620167303,16.44
471,S988-X622,623200,2025-01-25 15:00:00+00:00,Klokkerjordet,0.0,0.0,0.0,0.0
472,S988-X622,623200,2025-01-25 16:00:00+00:00,Klokkerjordet,0.0,0.0,0.0,0.0
473,S988-X622,623200,2025-01-25 17:00:00+00:00,Klokkerjordet,0.0,0.0,0.0,0.0
474,S988-X622,623200,2025-01-25 18:00:00+00:00,Klokkerjordet,0.0,0.0,0.0,0.0
475,S988-X622,623200,2025-01-25 19:00:00+00:00,Klokkerjordet,0.0,0.0,0.0,0.0
476,S988-X622,623200,2025-01-25 20:00:00+00:00,Klokkerjordet,0.0,0.0,0.0,0.0
477,S988-X622,623200,2025-01-25 21:00:00+00:00,Klokkerjordet,0.0,0.0,0.0,0.0
478,S988-X622,623200,2025-01-25 22:00:00+00:00,Klokkerjordet,0.0,0.0,0.0,0.0
479,S988-X622,623200,2025-01-25 23:00:00+00:00,Klokkerjordet,0.0,0.0,0.0,0.0
480,S988-X622,623200,2025-01-26 00:00:00+00:00,Klokkerjordet,0.0,0.0,0.0,0.0
481,S988-X622,623200,2025-01-26 01:00:00+00:00,Klokkerjordet,0.0,0.0,0.0,0.0
482,S988-X622,623200,2025-01-26 02:00:00+00:00,Klokkerjordet,0.0,0.0,0.0,0.0
483,S988-X622,623200,2025-01-26 03:00:00+00:00,Klokkerjordet,0.0,0.0,0.0,0.0
484,S988-X622,623200,2025-01-26 04:00:00+00:00,Klokkerjordet,0.0,0.0,0.0,0.0
485,S988-X622,623200,2025-01-26 05:00:00+00:00,Klokkerjordet,0.0,0.0,0.0,0.0
486,S988-X622,623200,2025-01-26 06:00:00+00:00,Klokkerjordet,0.0,0.0,0.0,0.0
487,S988-X622,623200,2025-01-26 07:00:00+00:00,Klokkerjordet,0.0,0.0,0.0,0.0
488,S988-X622,623200,2025-01-26 08:00:00+00:00,Klokkerjordet,0.0,0.0,0.0,0.0
489,S988-X622,623200,2025-01-26 09:00:00+00:00,Klokkerjordet,0.0,0.0,0.0,0.0
490,S988-X622,623200,2025-01-26 10:00:00+00:00,Klokkerjordet,0.0,0.0,0.0,0.0
491,S988-X622,623200,2025-01-26 11:00:00+00:00,Klokkerjordet,0.6377139091491699,1.0,25.09741620167303,2.54
492,S988-X622,623200,2025-01-26 12:00:00+00:00,Klokkerjordet,7.224710464477539,1.0,25.09741620167303,28.79
493,S988-X622,623200,2025-01-26 13:00:00+00:00,Klokkerjordet,7.1983642578125,1.0,25.09741620167303,28.68
494,S988-X622,623200,2025-01-26 14:00:00+00:00,Klokkerjordet,7.188275337219238,1.0,25.09741620167303,28.64
495,S988-X622,623200,2025-01-26 15:00:00+00:00,Klokkerjordet,7.205555438995361,1.0,25.09741620167303,28.71
496,S988-X622,623200,2025-01-26 16:00:00+00:00,Klokkerjordet,7.195864677429199,1.0,25.09741620167303,28.67
497,S988-X622,623200,2025-01-26 17:00:00+00:00,Klokkerjordet,6.031426429748535,1.0,25.09741620167303,24.03
498,S988-X622,623200,2025-01-26 18:00:00+00:00,Klokkerjordet,0.0,0.0,0.0,0.0
499,S988-X622,623200,2025-01-26 19:00:00+00:00,Klokkerjordet,0.0,0.0,0.0,0.0
500,S988-X622,623200,2025-01-26 20:00:00+00:00,Klokkerjordet,0.0,0.0,0.0,0.0
501,S988-X622,623200,2025-01-26 21:00:00+00:00,Klokkerjordet,5.041760444641113,1.0,25.09741620167303,20.09
502,S988-X622,623200,2025-01-26 22:00:00+00:00,Klokkerjordet,7.13804817199707,1.0,25.09741620167303,28.44
503,S988-X622,623200,2025-01-26 23:00:00+00:00,Klokkerjordet,5.9265336990356445,1.0,25.09741620167303,23.61
504,S988-X622,623200,2025-01-27 00:00:00+00:00,Klokkerjordet,0.0,0.0,0.0,0.0
505,S988-X622,623200,2025-01-27 01:00:00+00:00,Klokkerjordet,0.0,0.0,0.0,0.0
506,S988-X622,623200,2025-01-27 02:00:00+00:00,Klokkerjordet,0.0,0.0,0.0,0.0
507,S988-X622,623200,2025-01-27 03:00:00+00:00,Klokkerjordet,0.0,0.0,0.0,0.0
508,S988-X622,623200,2025-01-27 04:00:00+00:00,Klokkerjordet,0.0,0.0,0.0,0.0
509,S988-X622,623200,2025-01-27 05:00:00+00:00,Klokkerjordet,0.0,0.0,0.0,0.0
510,S988-X622,623200,2025-01-27 06:00:00+00:00,Klokkerjordet,0.001031388877891004,1.0,25.09741620167303,0.0
511,S988-X622,623200,2025-01-27 07:00:00+00:00,Klokkerjordet,0.0,0.0,0.0,0.0
512,S988-X622,623200,2025-01-27 08:00:00+00:00,Klokkerjordet,3.372763156890869,1.0,25.09741620167303,13.44
513,S988-X622,623200,2025-01-27 09:00:00+00:00,Klokkerjordet,6.985710620880127,1.0,25.09741620167303,27.83
514,S988-X622,623200,2025-01-27 10:00:00+00:00,Klokkerjordet,6.5524001121521,1.0,25.09741620167303,26.11
515,S988-X622,623200,2025-01-27 11:00:00+00:00,Klokkerjordet,2.5728800296783447,1.0,25.09741620167303,10.25
516,S988-X622,623200,2025-01-27 12:00:00+00:00,Klokkerjordet,0.33132556080818176,1.0,25.09741620167303,1.32
517,S988-X622,623200,2025-01-27 13:00:00+00:00,Klokkerjordet,0.3322877883911133,1.0,25.09741620167303,1.32
518,S988-X622,623200,2025-01-27 14:00:00+00:00,Klokkerjordet,0.3327166736125946,1.0,25.09741620167303,1.33
519,S988-X622,623200,2025-01-27 15:00:00+00:00,Klokkerjordet,0.1717594414949417,1.0,25.09741620167303,0.68
520,S988-X622,623200,2025-01-27 16:00:00+00:00,Klokkerjordet,0.0,0.0,0.0,0.0
521,S988-X622,623200,2025-01-27 17:00:00+00:00,Klokkerjordet,6.159111499786377,1.0,25.09741620167303,24.54
522,S988-X622,623200,2025-01-27 18:00:00+00:00,Klokkerjordet,1.7764394283294678,1.0,25.09741620167303,7.08
523,S988-X622,623200,2025-01-27 19:00:00+00:00,Klokkerjordet,0.0,0.0,0.0,0.0
524,S988-X622,623200,2025-01-27 20:00:00+00:00,Klokkerjordet,0.0,0.0,0.0,0.0
525,S988-X622,623200,2025-01-27 21:00:00+00:00,Klokkerjordet,0.0,0.0,0.0,0.0
526,S988-X622,623200,2025-01-27 22:00:00+00:00,Klokkerjordet,0.28741195797920227,1.0,25.09741620167303,1.15
527,S988-X622,623200,2025-01-27 23:00:00+00:00,Klokkerjordet,7.184401988983154,1.0,25.09741620167303,28.63
528,S988-X622,623200,2025-01-28 00:00:00+00:00,Klokkerjordet,7.202998161315918,1.0,25.09741620167303,28.7
529,S988-X622,623200,2025-01-28 01:00:00+00:00,Klokkerjordet,7.241153240203857,1.0,25.09741620167303,28.85
530,S988-X622,623200,2025-01-28 02:00:00+00:00,Klokkerjordet,7.24696159362793,1.0,25.09741620167303,28.88
531,S988-X622,623200,2025-01-28 03:00:00+00:00,Klokkerjordet,7.239603042602539,1.0,25.09741620167303,28.85
532,S988-X622,623200,2025-01-28 04:00:00+00:00,Klokkerjordet,2.675741672515869,1.0,25.09741620167303,10.66
533,S988-X622,623200,2025-01-28 05:00:00+00:00,Klokkerjordet,0.0,0.0,0.0,0.0
534,S988-X622,623200,2025-01-28 06:00:00+00:00,Klokkerjordet,0.0,0.0,0.0,0.0
535,S988-X622,623200,2025-01-28 07:00:00+00:00,Klokkerjordet,0.93692946434021,1.0,25.09741620167303,3.73
536,S988-X622,623200,2025-01-28 08:00:00+00:00,Klokkerjordet,0.001008333289064467,1.0,25.09741620167303,0.0
537,S988-X622,623200,2025-01-28 09:00:00+00:00,Klokkerjordet,0.0,0.0,0.0,0.0
538,S988-X622,623200,2025-01-28 10:00:00+00:00,Klokkerjordet,0.0,0.0,0.0,0.0
539,S988-X622,623200,2025-01-28 11:00:00+00:00,Klokkerjordet,0.0,0.0,0.0,0.0
540,S988-X622,623200,2025-01-28 12:00:00+00:00,Klokkerjordet,0.0,0.0,0.0,0.0
541,S988-X622,623200,2025-01-28 13:00:00+00:00,Klokkerjordet,0.0,0.0,0.0,0.0
542,S988-X622,623200,2025-01-28 14:00:00+00:00,Klokkerjordet,0.0,0.0,0.0,0.0
543,S988-X622,623200,2025-01-28 15:00:00+00:00,Klokkerjordet,0.0,0.0,0.0,0.0
544,S988-X622,623200,2025-01-28 16:00:00+00:00,Klokkerjordet,0.0,0.0,0.0,0.0
545,S988-X622,623200,2025-01-28 17:00:00+00:00,Klokkerjordet,1.3092464208602905,1.0,25.09741620167303,5.22
546,S988-X622,623200,2025-01-28 18:00:00+00:00,Klokkerjordet,6.3196282386779785,1.0,25.09741620167303,25.18
547,S988-X622,623200,2025-01-28 19:00:00+00:00,Klokkerjordet,2.4798810482025146,1.0,25.09741620167303,9.88
548,S988-X622,623200,2025-01-28 20:00:00+00:00,Klokkerjordet,0.3309522271156311,1.0,25.09741620167303,1.32
549,S988-X622,623200,2025-01-28 21:00:00+00:00,Klokkerjordet,0.33135583996772766,1.0,25.09741620167303,1.32
550,S988-X622,623200,2025-01-28 22:00:00+00:00,Klokkerjordet,5.390627950429916,2.0,25.09741620167303,21.48
551,S988-X622,623200,2025-01-28 23:00:00+00:00,Klokkerjordet,7.632514089345932,2.0,25.09741620167303,30.41
552,S988-X622,623200,2025-01-29 00:00:00+00:00,Klokkerjordet,7.364891696721315,2.0,25.09741620167303,29.35
553,S988-X622,623200,2025-01-29 01:00:00+00:00,Klokkerjordet,7.31419563293457,1.0,25.09741620167303,29.14
554,S988-X622,623200,2025-01-29 02:00:00+00:00,Klokkerjordet,7.32922887802124,1.0,25.09741620167303,29.2
555,S988-X622,623200,2025-01-29 03:00:00+00:00,Klokkerjordet,7.340865135192871,1.0,25.09741620167303,29.25
556,S988-X622,623200,2025-01-29 04:00:00+00:00,Klokkerjordet,5.6576738357543945,1.0,25.09741620167303,22.54
557,S988-X622,623200,2025-01-29 05:00:00+00:00,Klokkerjordet,0.0,0.0,0.0,0.0
558,S988-X622,623200,2025-01-29 06:00:00+00:00,Klokkerjordet,0.0,0.0,0.0,0.0
559,S988-X622,623200,2025-01-29 07:00:00+00:00,Klokkerjordet,0.037544164806604385,1.0,25.09741620167303,0.15
560,S988-X622,623200,2025-01-29 08:00:00+00:00,Klokkerjordet,0.0,0.0,0.0,0.0
561,S988-X622,623200,2025-01-29 09:00:00+00:00,Klokkerjordet,0.0,0.0,0.0,0.0
562,S988-X622,623200,2025-01-29 10:00:00+00:00,Klokkerjordet,0.0,0.0,0.0,0.0
563,S988-X622,623200,2025-01-29 11:00:00+00:00,Klokkerjordet,0.0,0.0,0.0,0.0
564,S988-X622,623200,2025-01-29 12:00:00+00:00,Klokkerjordet,0.0,0.0,0.0,0.0
565,S988-X622,623200,2025-01-29 13:00:00+00:00,Klokkerjordet,0.0,0.0,0.0,0.0
566,S988-X622,623200,2025-01-29 14:00:00+00:00,Klokkerjordet,0.0,0.0,0.0,0.0
567,S988-X622,623200,2025-01-29 15:00:00+00:00,Klokkerjordet,0.0,0.0,0.0,0.0
568,S988-X622,623200,2025-01-29 16:00:00+00:00,Klokkerjordet,0.0,0.0,0.0,0.0
569,S988-X622,623200,2025-01-29 17:00:00+00:00,Klokkerjordet,0.0,0.0,0.0,0.0
570,S988-X622,623200,2025-01-29 18:00:00+00:00,Klokkerjordet,0.0,0.0,0.0,0.0
571,S988-X622,623200,2025-01-29 19:00:00+00:00,Klokkerjordet,0.0,0.0,0.0,0.0
572,S988-X622,623200,2025-01-29 20:00:00+00:00,Klokkerjordet,7.142084121704102,1.0,25.09741620167303,28.46
573,S988-X622,623200,2025-01-29 21:00:00+00:00,Klokkerjordet,4.796614646911621,1.0,25.09741620167303,19.11
574,S988-X622,623200,2025-01-29 22:00:00+00:00,Klokkerjordet,0.0,0.0,0.0,0.0
575,S988-X622,623200,2025-01-29 23:00:00+00:00,Klokkerjordet,0.0,0.0,0.0,0.0
576,S988-X622,623200,2025-01-30 00:00:00+00:00,Klokkerjordet,0.0,0.0,0.0,0.0
577,S988-X622,623200,2025-01-30 01:00:00+00:00,Klokkerjordet,0.0,0.0,0.0,0.0
578,S988-X622,623200,2025-01-30 02:00:00+00:00,Klokkerjordet,0.0,0.0,0.0,0.0
579,S988-X622,623200,2025-01-30 03:00:00+00:00,Klokkerjordet,0.0,0.0,0.0,0.0
580,S988-X622,623200,2025-01-30 04:00:00+00:00,Klokkerjordet,0.0,0.0,0.0,0.0
581,S988-X622,623200,2025-01-30 05:00:00+00:00,Klokkerjordet,0.0,0.0,0.0,0.0
582,S988-X622,623200,2025-01-30 06:00:00+00:00,Klokkerjordet,0.0,0.0,0.0,0.0
583,S988-X622,623200,2025-01-30 07:00:00+00:00,Klokkerjordet,0.9168744683265686,1.0,25.09741620167303,3.65
584,S988-X622,623200,2025-01-30 08:00:00+00:00,Klokkerjordet,0.0,0.0,0.0,0.0
585,S988-X622,623200,2025-01-30 09:00:00+00:00,Klokkerjordet,0.00276777776889503,1.0,25.09741620167303,0.01
586,S988-X622,623200,2025-01-30 10:00:00+00:00,Klokkerjordet,0.0,0.0,0.0,0.0
587,S988-X622,623200,2025-01-30 11:00:00+00:00,Klokkerjordet,0.0,0.0,0.0,0.0
588,S988-X622,623200,2025-01-30 12:00:00+00:00,Klokkerjordet,0.0,0.0,0.0,0.0
589,S988-X622,623200,2025-01-30 13:00:00+00:00,Klokkerjordet,0.0,0.0,0.0,0.0
590,S988-X622,623200,2025-01-30 14:00:00+00:00,Klokkerjordet,0.0,0.0,0.0,0.0
591,S988-X622,623200,2025-01-30 15:00:00+00:00,Klokkerjordet,2.070125102996826,1.0,25.09741620167303,8.25
592,S988-X622,623200,2025-01-30 16:00:00+00:00,Klokkerjordet,7.237107753753662,1.0,25.09741620167303,28.84
593,S988-X622,623200,2025-01-30 17:00:00+00:00,Klokkerjordet,8.112062573432922,2.0,25.09741620167303,32.32
594,S988-X622,623200,2025-01-30 18:00:00+00:00,Klokkerjordet,14.285902976989746,2.0,25.09741620167303,56.92
595,S988-X622,623200,2025-01-30 19:00:00+00:00,Klokkerjordet,14.338114261627197,2.0,25.09741620167303,57.13
596,S988-X622,623200,2025-01-30 20:00:00+00:00,Klokkerjordet,14.378199577331543,2.0,25.09741620167303,57.29
597,S988-X622,623200,2025-01-30 21:00:00+00:00,Klokkerjordet,10.490523338317871,2.0,25.09741620167303,41.8
598,S988-X622,623200,2025-01-30 22:00:00+00:00,Klokkerjordet,13.982039451599121,2.0,25.09741620167303,55.71
599,S988-X622,623200,2025-01-30 23:00:00+00:00,Klokkerjordet,14.331857204437256,2.0,25.09741620167303,57.1
600,S988-X622,623200,2025-01-31 00:00:00+00:00,Klokkerjordet,10.663767099380493,2.0,25.09741620167303,42.49
